,toxin_id,cas_number
0,T3D0001,"7440-38-2"
1,T3D0002,"7439-92-1"
2,T3D0003,"7439-97-6"
3,T3D0004,"75-01-4"
4,T3D0006,"71-43-2"
5,T3D0007,"7440-43-9"
6,T3D0009,"50-32-8"
7,T3D0010,"205-99-2"
8,T3D0011,"67-66-3"
9,T3D0012,"50-29-3"
10,T3D0013,"11097-69-1"
11,T3D0014,"11096-82-5"
12,T3D0015,"53-70-3"
13,T3D0016,"1979-01-06"
14,T3D0017,"60-57-1"
15,T3D0018,"18540-29-9"
16,T3D0019,"12185-10-3"
17,T3D0020,"57-74-9"
18,T3D0021,"72-55-9"
19,T3D0022,"87-68-3"
20,T3D0024,"309-00-2"
21,T3D0025,"72-54-8"
22,T3D0026,"92-87-5"
23,T3D0027,"12672-29-6"
24,T3D0028,"1957-12-05"
25,T3D0031,"8001-35-2"
26,T3D0032,"58-89-9"
27,T3D0033,"127-18-4"
28,T3D0034,"76-44-8"
29,T3D0035,"106-93-4"
30,T3D0036,"319-85-7"
31,T3D0037,"107-02-8"
32,T3D0038,"298-04-4"
33,T3D0039,"56-55-3"
34,T3D0040,"91-94-1"
35,T3D0041,"72-20-8"
36,T3D0042,"7440-41-7"
37,T3D0043,"319-86-8"
38,T3D0044,"96-12-8"
39,T3D0045,"87-86-5"
40,T3D0046,"1024-57-3"
41,T3D0047,"56-23-5"
42,T3D0048,"11104-28-2"
43,T3D0049,"7440-48-4"
44,T3D0050,"789-02-6"
45,T3D0051,"12674-11-2"
46,T3D0052,"84-74-2"
47,T3D0053,"7440-02-0"
48,T3D0055,"1031-07-8"
49,T3D0056,"333-41-5"
50,T3D0058,"108-38-3"
51,T3D0059,"5103-71-9"
52,T3D0061,"72-43-5"
53,T3D0062,"207-08-9"
54,T3D0063,"53494-70-5"
55,T3D0064,"5103-74-2"
56,T3D0065,"1333-82-0"
57,T3D0066,"74-82-8"
58,T3D0067,"33213-65-9"
59,T3D0069,"7421-93-4"
60,T3D0070,"56832-73-6"
61,T3D0071,"108-88-3"
62,T3D0072,"591-78-6"
63,T3D0073,"1746-01-6"
64,T3D0074,"7440-66-6"
65,T3D0075,"15132-04-4"
66,T3D0076,"117-81-7"
67,T3D0077,"7440-47-3"
68,T3D0078,"91-20-3"
69,T3D0079,"75-35-4"
70,T3D0080,"1975-09-02"
71,T3D0082,"118-96-7"
72,T3D0084,"302-01-2"
73,T3D0085,"107-06-2"
74,T3D0086,"88-06-2"
75,T3D0087,"51-28-5"
76,T3D0088,"111-44-4"
77,T3D0089,"302-04-5"
78,T3D0091,"22537-115-1"
79,T3D0092,"121-82-4"
80,T3D0093,"118-74-1"
81,T3D0094,"121-14-2"
82,T3D0096,"563-12-2"
83,T3D0097,"71-55-6"
84,T3D0099,"100-41-4"
85,T3D0100,"13982-63-3"
86,T3D0101,"7440-29-1"
87,T3D0102,"534-52-1"
88,T3D0103,"99-35-4"
89,T3D0104,"108-90-7"
90,T3D0105,"10043-92-2"
91,T3D0106,"15262-20-1"
92,T3D0107,"14269-63-7"
93,T3D0108,"15117-96-1"
94,T3D0109,"7440-39-3"
95,T3D0110,"206-44-0"
96,T3D0111,"13966-29-5"
97,T3D0112,"621-64-7"
98,T3D0113,"14274-82-9"
99,T3D0114,"14859-67-7"
100,T3D0115,"319-84-6"
101,T3D0116,"87-61-6"
102,T3D0117,"7439-96-5"
103,T3D0119,"12001-29-5"
104,T3D0120,"10098-97-2"
105,T3D0121,"15117-48-3"
106,T3D0122,"13981-52-7"
107,T3D0123,"22967-92-6"
108,T3D0124,"13981-16-3"
109,T3D0125,"14255-04-0"
110,T3D0126,"7440-07-5"
111,T3D0127,"2921-88-2"
112,T3D0128,"7440-50-8"
113,T3D0129,"86954-36-1"
114,T3D0130,"22481-48-7"
115,T3D0131,"12172-73-5"
116,T3D0132,"10043-66-0"
117,T3D0133,"74-90-8"
118,T3D0134,"688-73-3"
119,T3D0135,"86-50-0"
120,T3D0136,"13994-20-2"
121,T3D0137,"218-01-9"
122,T3D0138,"143-50-0"
123,T3D0139,"15046-84-1"
124,T3D0140,"14119-33-6"
125,T3D0141,"78-48-8"
126,T3D0142,"7726-95-6"
127,T3D0144,"115-32-2"
128,T3D0145,"56-38-2"
129,T3D0146,"79-34-5"
130,T3D0147,"7782-49-2"
131,T3D0148,"608-73-1"
132,T3D0151,"53-19-0"
133,T3D0152,"101-14-4"
134,T3D0156,"106-99-0"
135,T3D0157,"7664-41-7"
136,T3D0158,"91-57-6"
137,T3D0159,"106-46-7"
138,T3D0160,"75-34-3"
139,T3D0161,"83-32-9"
140,T3D0162,"39001-02-0"
"
141,T3D0163,"79-00-5"
142,T3D0165,"77-47-4"
143,T3D0166,"38998-75-3"
144,T3D0167,"122-66-7"
145,T3D0168,"57117-31-4"
146,T3D0170,"106-44-5"
147,T3D0172,"95-50-1"
148,T3D0173,"156-60-5"
149,T3D0174,"193-39-5"
150,T3D0176,"75-15-0"
151,T3D0177,"25167-83-3"
152,T3D0178,"7440-35-9"
153,T3D0179,"13968-55-3"
154,T3D0180,"7440-05-03"
155,T3D0182,"108-95-2"
156,T3D0183,"75-00-3"
157,T3D0184,"67-64-1"
158,T3D0185,"106-42-3"
159,T3D0187,"7429-90-5"
160,T3D0189,"630-08-0"
161,T3D0191,"7783-06-04"
162,T3D0194,"34006-76-3"
163,T3D0195,"85-68-7"
164,T3D0196,"95-48-7"
165,T3D0198,"7440-62-2"
166,T3D0199,"62-75-9"
167,T3D0200,"120-82-1"
168,T3D0207,"51207-31-9"
169,T3D0209,"120-83-2"
170,T3D0210,"123-91-1"
171,T3D0211,"7782-41-4"
172,T3D0212,"14797-65-0"
173,T3D0213,"10045-97-3"
174,T3D0214,"7440-22-4"
175,T3D0215,"7738-94-5"
176,T3D0216,"14797-55-8"
177,T3D0217,"13966-00-2"
178,T3D0219,"7440-36-0"
179,T3D0221,"15623-47-9"
180,T3D0222,"95-95-4"
181,T3D0223,"15584-04-00"
182,T3D0224,"1327-53-3"
183,T3D0225,"298-02-2"
184,T3D0226,"192-97-2"
185,T3D0229,"60-51-5"
186,T3D0230,"14952-40-0"
187,T3D0232,"92-67-1"
188,T3D0233,"8003-34-7"
189,T3D0234,"7784-42-1"
190,T3D0235,"300-76-5"
191,T3D0237,"13194-48-4"
192,T3D0240,"62-73-7"
193,T3D0241,"7778-44-1"
194,T3D0242,"7487-94-7"
195,T3D0243,"7784-46-5"
196,T3D0244,"50-00-0"
197,T3D0245,"95-57-8"
198,T3D0246,"85-01-8"
199,T3D0247,"7664-39-3"
200,T3D0248,"94-75-7"
201,T3D0249,"124-48-1"
202,T3D0252,"1968-12-02"
203,T3D0253,"129-00-0"
204,T3D0255,"60-29-7"
205,T3D0257,"100-02-7"
206,T3D0259,"7803-51-2"
207,T3D0261,"606-20-2"
208,T3D0264,"298-00-0"
209,T3D0265,"1978-11-05"
210,T3D0271,"100-42-5"
211,T3D0275,"578-94-9"
212,T3D0276,"1303-33-9"
213,T3D0277,"1303-32-8"
214,T3D0278,"1303-34-0"
215,T3D0279,"7784-34-1"
216,T3D0282,"13464-58-9"
217,T3D0285,"7784-44-3"
218,T3D0286,"10290-12-7"
219,T3D0287,"1303-00-0"
220,T3D0288,"10103-61-4"
221,T3D0289,"16102-92-4"
222,T3D0290,"10124-50-2"
223,T3D0292,"1303-28-2"
224,T3D0293,"10103-50-1"
225,T3D0294,"61136-68-3"
226,T3D0296,"7784-40-9"
227,T3D0297,"7784-41-0"
228,T3D0298,"7631-89-2"
229,T3D0299,"13464-44-3"
230,T3D0300,"98-50-0"
231,T3D0301,"64436-13-1"
232,T3D0302,"39895-81-3"
233,T3D0303,"593-52-2"
234,T3D0304,"593-57-7"
235,T3D0305,"593-88-4"
236,T3D0308,"19444-53-2"
237,T3D0309,"2163-80-6"
238,T3D0310,"98-05-5"
239,T3D0311,"121-19-7"
240,T3D0312,"139-93-5"
241,T3D0313,"121-59-5"
242,T3D0314,"554-72-3"
243,T3D0315,"98-72-6"
244,T3D0316,"127-85-5"
245,T3D0317,"124-65-2"
246,T3D0318,"4964-14-1"
247,T3D0319,"301-04-2"
248,T3D0320,"10031-13-7"
249,T3D0321,"13424-46-9"
250,T3D0322,"10031-22-8"
251,T3D0323,"598-63-0"
252,T3D0324,"7758-95-4"
253,T3D0325,"7758-97-6"
254,T3D0326,"13814-96-5"
255,T3D0327,"10101-63-0"
256,T3D0328,"12709-98-7"
257,T3D0329,"10099-74-8"
258,T3D0330,"1317-36-8"
259,T3D0331,"1309-60-0"
260,T3D0332,"1314-41-6"
261,T3D0333,"7446-27-7"
262,T3D0334,"15245-44-0"
263,T3D0335,"7446-14-2"
264,T3D0336,"1314-87-0"
265,T3D0337,"75-74-1"
266,T3D0338,"78-00-2"
267,T3D0340,"628-86-4"
268,T3D0341,"1344-48-5"
269,T3D0342,"21908-53-2"
270,T3D0343,"10112-91-1"
271,T3D0344,"62-38-4"
272,T3D0345,"20601-83-6"
273,T3D0346,"12068-90-5"
274,T3D0347,"29870-72-2"
275,T3D0348,"1600-27-7"
276,T3D0349,"631-60-7"
277,T3D0350,"7774-29-0"
278,T3D0351,"15385-57-6"
279,T3D0352,"15385-58-7"
280,T3D0353,"7789-47-1"
281,T3D0354,"10045-94-0"
282,T3D0355,"10415-75-5"
283,T3D0356,"592-85-8"
284,T3D0357,"7783-35-9"
285,T3D0358,"7783-36-0"
286,T3D0360,"125-09-3"
287,T3D0361,"593-74-8"
288,T3D0362,"7783-33-7"
289,T3D0363,"592-04-1"
290,T3D0364,"543-90-8"
291,T3D0367,"12006-15-4"
292,T3D0368,"14518-94-6"
293,T3D0369,"7789-42-6"
294,T3D0370,"513-78-0"
295,T3D0371,"10108-64-2"
296,T3D0372,"14486-19-2"
297,T3D0373,"7790-79-6"
298,T3D0374,"17010-21-8"
299,T3D0375,"21041-95-2"
300,T3D0376,"7790-80-9"
301,T3D0377,"16039-55-7"
302,T3D0378,"10325-94-7"
303,T3D0380,"1306-19-0"
304,T3D0381,"13477-17-3"
305,T3D0382,"1306-24-7"
306,T3D0383,"141-00-4"
307,T3D0384,"10124-36-4"
308,T3D0386,"1306-23-6"
309,T3D0387,"1306-25-8"
310,T3D0388,"7790-85-4"
311,T3D0389,"92-52-4"
312,T3D0390,"2051-60-7"
313,T3D0391,"2051-61-8"
314,T3D0392,"2051-62-9"
315,T3D0393,"13029-08-8"
316,T3D0394,"16605-91-7"
317,T3D0395,"25569-80-6"
318,T3D0396,"33284-50-3"
319,T3D0397,"34883-43-7"
320,T3D0398,"34883-39-1"
321,T3D0399,"33146-45-1"
322,T3D0400,"2050-67-1"
323,T3D0401,"2974-92-7"
324,T3D0402,"2974-90-5"
325,T3D0403,"34883-41-5"
326,T3D0404,"2050-68-2"
327,T3D0405,"38444-78-9"
328,T3D0406,"37680-66-3"
329,T3D0407,"37680-65-2"
330,T3D0408,"38444-73-4"
331,T3D0409,"38444-84-7"
332,T3D0410,"55702-46-0"
333,T3D0411,"38444-85-8"
334,T3D0412,"55720-44-0"
335,T3D0413,"55702-45-9"
336,T3D0414,"55712-37-3"
337,T3D0415,"38444-81-4"
338,T3D0416,"38444-76-7"
339,T3D0417,"7012-37-5"
340,T3D0418,"15862-07-4"
341,T3D0419,"35693-92-6"
342,T3D0420,"16606-02-3"
343,T3D0421,"38444-77-8"
344,T3D0422,"38444-86-9"
345,T3D0423,"37680-68-5"
346,T3D0424,"37680-69-6"
347,T3D0426,"38444-90-5"
348,T3D0427,"53555-66-1"
349,T3D0428,"38444-88-1"
350,T3D0429,"38444-93-8"
351,T3D0430,"52663-59-9"
352,T3D0431,"36559-22-5"
353,T3D0432,"70362-46-8"
354,T3D0433,"41464-39-5"
355,T3D0434,"70362-45-7"
356,T3D0435,"41464-47-5"
357,T3D0437,"70362-47-9"
358,T3D0438,"41464-40-8"
359,T3D0439,"62796-65-0"
360,T3D0440,"68194-04-7"
361,T3D0441,"35693-99-3"
362,T3D0442,"41464-41-9"
363,T3D0443,"15968-05-5"
364,T3D0444,"74338-24-2"
365,T3D0445,"41464-43-1"
366,T3D0446,"70424-67-8"
367,T3D0447,"41464-49-7"
368,T3D0448,"74472-33-6"
369,T3D0449,"33025-41-1"
370,T3D0450,"33284-53-6"
371,T3D0451,"54230-22-7"
372,T3D0452,"74472-34-7"
373,T3D0453,"52663-58-8"
374,T3D0454,"33284-54-7"
375,T3D0455,"32598-10-0"
376,T3D0456,"73575-53-8"
377,T3D0457,"73575-52-7"
378,T3D0458,"60233-24-1"
379,T3D0459,"32598-11-1"
380,T3D0460,"41464-46-4"
381,T3D0461,"41464-42-0"
382,T3D0462,"74338-23-1"
383,T3D0463,"32690-93-0"
384,T3D0464,"32598-12-2"
385,T3D0465,"70362-48-0"
386,T3D0466,"32598-13-3"
387,T3D0467,"70362-49-1"
388,T3D0468,"41464-48-6"
389,T3D0470,"70362-50-4"
390,T3D0472,"60145-20-2"
391,T3D0473,"52663-60-2"
392,T3D0474,"65510-45-4"
393,T3D0475,"55312-69-1"
394,T3D0476,"38380-02-8"
395,T3D0477,"55215-17-3"
396,T3D0478,"73575-57-2"
397,T3D0479,"68194-07-0"
398,T3D0480,"68194-05-8"
399,T3D0481,"52663-61-3"
400,T3D0482,"73575-56-1"
401,T3D0483,"73575-55-0"
402,T3D0484,"38379-99-6"
403,T3D0485,"73575-54-9"
404,T3D0486,"41464-51-1"
405,T3D0487,"60233-25-2"
406,T3D0488,"38380-01-7"
407,T3D0489,"39485-83-1"
408,T3D0490,"37680-73-2"
409,T3D0491,"68194-06-9"
410,T3D0492,"60145-21-3"
411,T3D0493,"56558-16-8"
412,T3D0494,"32598-14-4"
413,T3D0495,"70424-69-0"
414,T3D0496,"70424-68-9"
415,T3D0497,"70362-41-3"
416,T3D0498,"74472-35-8"
417,T3D0499,"38380-03-9"
418,T3D0500,"39635-32-0"
419,T3D0501,"74472-36-9"
420,T3D0502,"68194-10-5"
421,T3D0503,"74472-37-0"
422,T3D0504,"74472-38-1"
423,T3D0505,"18259-05-7"
424,T3D0506,"68194-11-6"
425,T3D0507,"31508-00-6"
426,T3D0508,"56558-17-9"
427,T3D0509,"68194-12-7"
428,T3D0510,"56558-18-0"
429,T3D0511,"76842-07-4"
430,T3D0512,"65510-44-3"
431,T3D0513,"70424-70-3"
432,T3D0514,"74472-39-2"
433,T3D0515,"57465-28-8"
434,T3D0516,"39635-33-1"
435,T3D0518,"55215-18-4"
436,T3D0519,"52663-66-8"
437,T3D0520,"61798-70-7"
438,T3D0521,"38380-05-1"
439,T3D0522,"35694-04-3"
440,T3D0523,"52704-70-8"
441,T3D0524,"52744-13-5"
442,T3D0525,"38411-22-2"
443,T3D0526,"35694-06-5"
444,T3D0527,"35065-28-2"
445,T3D0528,"56030-56-9"
446,T3D0529,"59291-64-4"
447,T3D0530,"52712-04-6"
448,T3D0531,"41411-61-4"
449,T3D0532,"68194-15-0"
450,T3D0533,"68194-14-9"
451,T3D0534,"74472-40-5"
452,T3D0535,"51908-16-8"
453,T3D0536,"68194-13-8"
454,T3D0537,"74472-41-6"
455,T3D0538,"38380-04-0"
456,T3D0539,"68194-08-1"
457,T3D0540,"52663-63-5"
458,T3D0541,"68194-09-2"
459,T3D0542,"35065-27-1"
460,T3D0543,"60145-22-4"
461,T3D0544,"33979-03-2"
462,T3D0545,"38380-08-4"
463,T3D0546,"69782-90-7"
464,T3D0547,"74472-42-7"
465,T3D0548,"39635-35-3"
466,T3D0549,"41411-62-5"
467,T3D0550,"74472-43-8"
468,T3D0551,"39635-34-2"
469,T3D0552,"74472-44-9"
470,T3D0553,"74472-45-0"
471,T3D0554,"74472-46-1"
472,T3D0555,"41411-63-6"
473,T3D0556,"52663-72-6"
474,T3D0557,"59291-65-5"
475,T3D0558,"32774-16-6"
476,T3D0559,"35065-30-6"
477,T3D0560,"52663-71-5"
478,T3D0561,"52663-74-8"
479,T3D0562,"68194-16-1"
480,T3D0563,"38411-25-5"
481,T3D0564,"40186-70-7"
482,T3D0565,"52663-65-7"
483,T3D0566,"52663-70-4"
484,T3D0567,"52663-67-9"
485,T3D0568,"52663-64-6"
486,T3D0569,"35065-29-3"
487,T3D0570,"74472-47-2"
488,T3D0571,"60145-23-5"
489,T3D0572,"52663-69-1"
490,T3D0573,"74472-48-3"
491,T3D0574,"52712-05-7"
492,T3D0575,"74472-49-4"
493,T3D0576,"52663-68-0"
494,T3D0577,"74487-85-7"
495,T3D0578,"39635-31-9"
496,T3D0579,"41411-64-7"
497,T3D0580,"74472-50-7"
498,T3D0581,"74472-51-8"
499,T3D0582,"69782-91-8"
500,T3D0583,"35694-08-7"
501,T3D0584,"52663-78-2"
502,T3D0585,"42740-50-1"
503,T3D0586,"33091-17-7"
504,T3D0587,"68194-17-2"
505,T3D0588,"52663-75-9"
506,T3D0589,"52663-73-7"
507,T3D0590,"40186-71-8"
508,T3D0591,"2136-99-4"
509,T3D0592,"52663-76-0"
510,T3D0593,"74472-52-9"
511,T3D0594,"74472-53-0"
512,T3D0595,"40186-72-9"
513,T3D0596,"52663-79-3"
514,T3D0597,"52663-77-1"
515,T3D0598,"2051-24-3"
516,T3D0616,"19679-38-0"
517,T3D0617,"510-15-6"
518,T3D0618,"208-96-8"
519,T3D0619,"120-12-7"
520,T3D0621,"191-24-2"
521,T3D0622,"205-82-3"
522,T3D0624,"191-07-1"
523,T3D0625,"86-73-7"
524,T3D0627,"92-24-0"
525,T3D0628,"90-12-0"
526,T3D0629,"135-48-8"
527,T3D0630,"217-59-4"
528,T3D0631,"190-26-1"
529,T3D0632,"191-26-4"
530,T3D0633,"260-94-6"
531,T3D0634,"91-22-5"
532,T3D0635,"275-51-4"
533,T3D0636,"213-46-7"
534,T3D0637,"1980-05-07"
535,T3D0638,"19049-40-2"
536,T3D0639,"543-81-7"
537,T3D0640,"7787-46-4"
538,T3D0641,"13106-47-3"
539,T3D0642,"7787-47-5"
540,T3D0643,"11133-98-5"
541,T3D0644,"7787-49-7"
542,T3D0645,"7787-52-2"
543,T3D0646,"13327-32-7"
544,T3D0647,"7787-53-3"
545,T3D0648,"1304-56-9"
546,T3D0649,"12232-27-8"
547,T3D0650,"13598-15-7"
548,T3D0651,"13597-99-4"
549,T3D0652,"13510-49-1"
550,T3D0653,"71-48-7"
551,T3D0654,"917-69-1"
552,T3D0655,"513-79-10"
553,T3D0658,"7789-43-7"
554,T3D0659,"7646-79-9"
555,T3D0660,"10026-17-2"
556,T3D0661,"15238-00-3"
557,T3D0662,"21041-93-0"
558,T3D0663,"61789-51-3"
559,T3D0664,"21158-51-0"
560,T3D0665,"10141-05-6"
561,T3D0666,"1307-96-6"
562,T3D0667,"1308-04-9"
563,T3D0668,"1308-06-1"
564,T3D0669,"10124-43-3"
565,T3D0670,"10026-18-3"
566,T3D0671,"1277-43-6"
567,T3D0672,"13870-90-1"
568,T3D0673,"68-19-9"
569,T3D0674,"36499-65-7"
570,T3D0675,"10210-68-1"
571,T3D0676,"10534-89-1"
572,T3D0677,"13422-51-0"
573,T3D0678,"12190-79-3"
574,T3D0679,"13422-55-4"
575,T3D0680,"14167-18-1"
576,T3D0681,"13600-98-1"
577,T3D0682,"207802-43-5"
578,T3D0683,"1295-35-8"
579,T3D0684,"373-02-4"
580,T3D0685,"15699-18-0"
581,T3D0686,"3333-67-3"
582,T3D0687,"7718-54-9"
583,T3D0688,"14721-18-7"
584,T3D0689,"557-19-7"
585,T3D0690,"13463-39-3"
586,T3D0691,"13462-88-9"
587,T3D0692,"10028-18-9"
588,T3D0693,"12054-48-7"
589,T3D0694,"13462-90-3"
590,T3D0695,"13138-45-9"
591,T3D0696,"1313-99-1"
592,T3D0697,"7786-81-4"
593,T3D0698,"12035-72-2"
594,T3D0699,"13770-89-3"
595,T3D0700,"7789-09-5"
596,T3D0701,"10294-40-3"
597,T3D0702,"56320-90-2"
598,T3D0703,"10060-08-9"
599,T3D0704,"10294-52-7"
600,T3D0705,"7789-00-6"
601,T3D0706,"7778-50-9"
602,T3D0707,"26299-14-9"
603,T3D0708,"20039-37-6"
604,T3D0709,"7784-01-2"
605,T3D0710,"7775-11-3"
606,T3D0711,"10588-01-9"
607,T3D0712,"7789-06-2"
608,T3D0713,"13530-65-9"
609,T3D0714,"7788-98-9"
610,T3D0715,"14307-35-8"
611,T3D0716,"14018-95-2"
612,T3D0717,"18454-12-1"
613,T3D0718,"11103-86-9"
614,T3D0719,"15930-94-6"
615,T3D0720,"557-34-6"
616,T3D0721,"12039-35-9"
617,T3D0722,"12006-40-5"
618,T3D0723,"7699-45-8"
619,T3D0724,"10361-95-2"
620,T3D0725,"3486-35-9"
621,T3D0726,"7646-85-7"
622,T3D0727,"557-21-1"
623,T3D0728,"7783-49-5"
624,T3D0729,"4468-02-04"
625,T3D0730,"14018-82-7"
626,T3D0731,"20427-58-1"
627,T3D0732,"7779-86-4"
628,T3D0733,"10139-47-6"
629,T3D0734,"13767-32-3"
630,T3D0735,"7779-88-6"
631,T3D0736,"1314-13-2"
632,T3D0737,"1314-22-3"
633,T3D0738,"7779-90-0"
634,T3D0739,"1314-84-7"
635,T3D0740,"13463-41-7"
636,T3D0741,"7446-26-6"
637,T3D0742,"1315-09-9"
638,T3D0743,"557-05-1"
639,T3D0744,"7733-02-0"
640,T3D0745,"1314-98-3"
641,T3D0746,"1315-11-3"
642,T3D0747,"16871-71-9"
643,T3D0748,"557-20-0"
644,T3D0749,"544-97-8"
645,T3D0753,"544-92-3"
646,T3D0754,"460-19-5"
647,T3D0755,"506-68-3"
648,T3D0756,"506-77-4"
649,T3D0758,"506-78-5"
650,T3D0759,"592-01-8"
651,T3D0760,"1762-95-4"
652,T3D0761,"151-50-8"
653,T3D0762,"13746-66-2"
654,T3D0763,"13943-58-3"
655,T3D0764,"506-61-6"
656,T3D0765,"506-64-9"
657,T3D0766,"143-33-9"
658,T3D0767,"13601-19-9"
659,T3D0768,"14402-89-2"
660,T3D0769,"7677-24-9"
661,T3D0770,"64-17-5"
662,T3D0771,"67-56-1"
663,T3D0772,"107-21-1"
664,T3D0776,"590-28-3"
665,T3D0777,"75-13-8"
666,T3D0778,"57-06-7"
667,T3D0780,"556-61-6"
668,T3D0781,"103-72-0"
669,T3D0782,"99-65-0"
670,T3D0784,"108-70-3"
671,T3D0786,"592-87-0"
672,T3D0791,"7440-61-1"
673,T3D0792,"12001-28-4"
674,T3D0793,"77536-68-6"
675,T3D0794,"77536-66-4"
676,T3D0795,"77536-67-5"
677,T3D0796,"7440-31-5"
678,T3D0797,"105827-78-9"
679,T3D0798,"120068-37-3"
680,T3D0799,"54-11-5"
681,T3D0800,"83-79-4"
682,T3D0801,"120-36-5"
683,T3D0802,"94-82-6"
684,T3D0803,"93-76-5"
685,T3D0804,"94-74-6"
686,T3D0805,"94-81-5"
687,T3D0806,"93-65-2"
688,T3D0807,"1918-00-9"
689,T3D0808,"1910-42-5"
690,T3D0810,"15972-60-8"
691,T3D0811,"34256-82-1"
692,T3D0812,"51276-47-2"
693,T3D0813,"29883-15-6"
694,T3D0815,"523-50-2"
695,T3D0816,"482-48-4"
696,T3D0819,"483-66-9"
697,T3D0821,"61265-06-3"
698,T3D0822,"131-12-4"
699,T3D0825,"66-97-7"
700,T3D0831,"482-45-1"
701,T3D0834,"7380-40-7"
702,T3D0836,"298-81-7"
703,T3D0838,"482-44-0"
704,T3D0842,"145414-76-2"
705,T3D0843,"482-27-9"
706,T3D0845,"1603-47-0"
707,T3D0846,"2543-94-4"
708,T3D0855,"2385-85-5"
709,T3D0856,"144-62-7"
710,T3D0859,"554-35-8"
711,T3D0860,"534-67-8"
712,T3D0864,"95-47-6"
713,T3D0868,"106-48-9"
714,T3D0870,"935-95-5"
715,T3D0871,"1315-04-4"
716,T3D0872,"1314-60-9"
717,T3D0873,"28300-74-5"
718,T3D0874,"10025-91-9"
719,T3D0875,"1309-64-4"
720,T3D0876,"1345-04-6"
721,T3D0877,"7803-52-3"
722,T3D0878,"7647-18-9"
723,T3D0890,"40487-42-1"
724,T3D0893,"2655-15-4"
725,T3D0894,"62046-37-1"
726,T3D0895,"26419-73-8"
727,T3D0896,"14357-82-5"
728,T3D0897,"3282-00-6"
729,T3D0898,"10309-97-4"
730,T3D0900,"2328-31-6"
731,T3D0901,"330-64-3"
732,T3D0902,"2655-14-3"
733,T3D0903,"16655-82-6"
734,T3D0904,"55406-53-6"
735,T3D0905,"16709-30-1"
736,T3D0906,"97508-29-7"
737,T3D0907,"10389-50-1"
738,T3D0908,"3566-00-5"
739,T3D0909,"831-76-5"
740,T3D0910,"2620-53-3"
741,T3D0911,"18809-57-9"
742,T3D0912,"10233-94-0"
743,T3D0913,"1136-84-1"
744,T3D0914,"8063-85-2"
745,T3D0915,"2532-49-2"
746,T3D0916,"83130-01-2"
747,T3D0918,"1646-87-3"
748,T3D0919,"116-06-3"
749,T3D0920,"1646-88-4"
750,T3D0921,"6392-46-7"
751,T3D0922,"2032-59-9"
752,T3D0923,"3337-71-1"
753,T3D0924,"2302-17-2"
754,T3D0925,"101-27-9"
755,T3D0926,"22781-23-3"
756,T3D0927,"82560-54-1"
757,T3D0928,"17804-35-2"
758,T3D0929,"413615-35-7"
759,T3D0930,"177406-68-7"
760,T3D0932,"39995-74-9"
761,T3D0934,"2282-34-0"
762,T3D0935,"672-04-8"
763,T3D0936,"2655-19-8"
764,T3D0937,"34681-10-2"
765,T3D0938,"34681-23-7"
766,T3D0939,"671-04-5"
767,T3D0940,"63-25-2"
768,T3D0941,"1773-37-1"
769,T3D0942,"10605-21-7"
770,T3D0943,"16118-49-3"
771,T3D0944,"1563-66-2"
772,T3D0945,"55285-14-8"
773,T3D0946,"55808-13-4"
774,T3D0947,"1967-16-4"
775,T3D0948,"23121-99-5"
776,T3D0949,"101-21-3"
777,T3D0950,"51487-69-5"
778,T3D0951,"1134-23-2"
779,T3D0952,"28559-00-4"
780,T3D0953,"62732-91-6"
781,T3D0954,"1563-67-3"
782,T3D0955,"13684-56-5"
783,T3D0956,"2303-16-4"
784,T3D0957,"1966-58-1"
785,T3D0959,"87130-20-9"
786,T3D0960,"122-15-6"
787,T3D0961,"644-64-4"
788,T3D0962,"6988-21-2"
789,T3D0963,"759-94-4"
790,T3D0964,"29973-13-5"
791,T3D0966,"78357-48-9"
792,T3D0967,"30087-47-9"
793,T3D0968,"3766-81-2"
794,T3D0969,"72490-01-8"
795,T3D0970,"22259-30-9"
796,T3D0971,"23422-53-9"
797,T3D0972,"17702-57-7"
798,T3D0973,"59682-52-9"
799,T3D0974,"65907-30-4"
800,T3D0975,"56716-21-3"
801,T3D0976,"119-38-0"
802,T3D0977,"2631-40-5"
803,T3D0978,"4849-32-5"
804,T3D0979,"64-00-6"
805,T3D0980,"27386-64-7"
806,T3D0981,"2032-65-7"
807,T3D0982,"2179-25-1"
808,T3D0983,"2635-10-1"
809,T3D0984,"16752-77-5"
810,T3D0985,"1129-41-5"
811,T3D0986,"315-18-4"
812,T3D0987,"1079-33-0"
813,T3D0988,"2212-67-1"
814,T3D0989,"29672-19-3"
815,T3D0990,"3279-46-7"
816,T3D0991,"3566-09-4"
817,T3D0992,"23135-22-0"
818,T3D0993,"1114-71-2"
819,T3D0994,"13684-63-4"
820,T3D0995,"23103-98-2"
821,T3D0996,"14089-43-1"
822,T3D0998,"34264-24-9"
823,T3D0999,"2631-37-0"
824,T3D1000,"25606-41-1"
825,T3D1001,"24579-73-5"
826,T3D1002,"122-42-9"
827,T3D1003,"114-26-1"
828,T3D1004,"2828-42-4"
829,T3D1005,"87-47-8"
830,T3D1006,"95-06-7"
831,T3D1007,"114654-31-8"
832,T3D1008,"1918-18-9"
833,T3D1009,"40085-57-2"
834,T3D1010,"1918-11-2"
835,T3D1011,"28249-77-6"
836,T3D1012,"25171-63-5"
837,T3D1013,"59669-26-0"
838,T3D1014,"39196-18-4"
839,T3D1015,"51892-60-5"
840,T3D1016,"36756-79-3"
841,T3D1017,"2303-17-5"
842,T3D1018,"2686-99-9"
843,T3D1020,"1929-77-7"
844,T3D1021,"2425-10-7"
845,T3D1022,"297-78-9"
846,T3D1023,"465-73-6"
847,T3D1024,"584-79-2"
848,T3D1025,"35764-59-1"
849,T3D1026,"26002-80-2"
850,T3D1027,"10453-86-8"
851,T3D1028,"7696-12-0"
852,T3D1029,"101007-06-1"
853,T3D1030,"63935-38-6"
854,T3D1031,"68359-37-5"
855,T3D1032,"68085-85-8"
856,T3D1033,"39515-40-7"
857,T3D1034,"52315-07-8"
858,T3D1035,"52918-63-5"
859,T3D1036,"66230-04-4"
860,T3D1037,"51630-58-1"
861,T3D1039,"69409-94-5"
862,T3D1041,"65195-55-3"
863,T3D1042,"65195-56-4"
864,T3D1043,"121124-29-6"
865,T3D1044,"121424-52-0"
866,T3D1045,"1164504-23-7"
867,T3D1046,"13623-98-8"
868,T3D1047,"26171-05-1"
869,T3D1048,"61018-99-3"
870,T3D1049,"50902-03-9"
871,T3D1050,"27861-40-1"
872,T3D1051,"94776-91-7"
873,T3D1052,"27861-39-8"
874,T3D1053,"94662-61-0"
875,T3D1054,"58350-08-6"
876,T3D1055,"58842-20-9"
877,T3D1056,"94662-60-9"
878,T3D1058,"26171-04-0"
879,T3D1059,"40990-27-0"
880,T3D1060,"57734-58-4"
881,T3D1061,"302544-16-7"
882,T3D1062,"94662-64-3"
883,T3D1064,"91417-82-2"
884,T3D1065,"24483-78-1"
885,T3D1066,"56593-86-3"
886,T3D1067,"91978-88-0"
887,T3D1069,"60737-54-4"
888,T3D1076,"78649-93-1"
889,T3D1084,"72126-78-4"
890,T3D1086,"40164-67-8"
891,T3D1087,"23184-66-9"
892,T3D1088,"57837-19-1"
893,T3D1089,"51218-45-2"
894,T3D1090,"1918-16-7"
895,T3D1091,"52869-91-7"
896,T3D1092,"543-80-6"
897,T3D1093,"18810-58-7"
898,T3D1094,"13967-90-3"
899,T3D1095,"10553-31-8"
900,T3D1097,"1191-79-3"
901,T3D1098,"52869-93-9"
902,T3D1099,"513-77-9"
903,T3D1100,"13477-00-4"
904,T3D1101,"10361-37-2"
905,T3D1103,"542-62-1"
906,T3D1104,"13773-23-4"
907,T3D1105,"11138-11-7"
908,T3D1107,"7787-32-8"
909,T3D1108,"17194-00-2"
910,T3D1111,"13477-10-6"
911,T3D1112,"13718-50-8"
912,T3D1114,"12047-11-9"
913,T3D1115,"10022-31-8"
914,T3D1116,"516-02-9"
915,T3D1117,"1304-28-5"
916,T3D1118,"13465-95-7"
917,T3D1119,"7787-36-2"
918,T3D1120,"1304-29-6"
919,T3D1121,"17125-80-3"
920,T3D1122,"7727-43-7"
921,T3D1123,"21109-95-5"
922,T3D1124,"12047-27-7"
923,T3D1126,"12009-21-1"
924,T3D1127,"107539-20-8"
925,T3D1128,"7773-01-5"
926,T3D1131,"7785-87-7"
927,T3D1134,"1317-35-7"
928,T3D1135,"1313-13-9"
929,T3D1136,"7722-64-7"
930,T3D1137,"140678-14-4"
931,T3D1138,"12108-13-3"
932,T3D1139,"1344-43-0"
933,T3D1140,"10170-69-1"
934,T3D1141,"12299-98-8"
935,T3D1142,"12057-92-0"
936,T3D1143,"13446-03-2"
937,T3D1145,"598-62-9"
938,T3D1146,"7782-64-1"
939,T3D1147,"14325-24-7"
940,T3D1148,"18820-29-6"
941,T3D1149,"19513-05-4"
942,T3D1150,"7783-53-1"
943,T3D1151,"1317-34-6"
944,T3D1152,"10294-64-1"
945,T3D1153,"13446-10-1"
946,T3D1154,"10118-76-0"
947,T3D1155,"10101-50-5"
948,T3D1156,"23414-72-4"
949,T3D1157,"6485-39-8"
950,T3D1158,"638-38-0"
951,T3D1159,"5968-88-7"
952,T3D1160,"7783-22-4"
953,T3D1161,"13721-34-1"
954,T3D1162,"1344-59-8"
955,T3D1163,"1344-57-6"
956,T3D1164,"7783-81-5"
957,T3D1165,"13470-21-8"
958,T3D1166,"12036-71-4"
959,T3D1167,"10026-10-5"
960,T3D1168,"10049-14-6"
961,T3D1169,"1344-58-6"
962,T3D1170,"13536-84-0"
963,T3D1172,"12007-36-2"
964,T3D1173,"12070-09-6"
965,T3D1174,"12033-83-9"
966,T3D1175,"10025-93-1"
967,T3D1176,"11079-26-8"
968,T3D1177,"541-09-3"
969,T3D1179,"7791-26-6"
970,T3D1180,"16984-59-1"
971,T3D1181,"10102-06-4"
972,T3D1182,"1314-64-3"
973,T3D1183,"10138-94-0"
974,T3D1184,"33636-93-0"
975,T3D1185,"37337-13-6"
976,T3D1186,"23642-01-5"
977,T3D1187,"533-01-7"
978,T3D1188,"11006-34-1"
979,T3D1189,"12053-18-8"
980,T3D1190,"13478-41-6"
981,T3D1191,"7789-19-7"
982,T3D1193,"527-09-3"
983,T3D1194,"1317-39-1"
984,T3D1195,"1317-38-0"
985,T3D1196,"12159-07-8"
986,T3D1197,"22205-45-4"
987,T3D1198,"1317-40-4"
988,T3D1199,"1117-94-8"
989,T3D1200,"7787-70-4"
990,T3D1201,"7758-89-6"
991,T3D1202,"7681-65-4"
992,T3D1203,"12019-57-7"
993,T3D1204,"142-71-2"
994,T3D1206,"14215-30-6"
995,T3D1207,"7789-45-9"
996,T3D1208,"1184-64-1"
997,T3D1209,"7447-39-4"
998,T3D1211,"20427-59-2"
999,T3D1212,"3251-23-8"
1000,T3D1215,"7758-98-7"
1001,T3D1217,"34946-82-2"
1002,T3D1219,"12002-03-8"
1003,T3D1220,"10380-29-7"
1004,T3D1221,"1332-03-2"
1005,T3D1222,"10103-48-7"
1006,T3D1223,"7798-23-4"
1007,T3D1224,"10102-90-6"
1008,T3D1225,"1332-65-6"
1009,T3D1226,"544-19-4"
1010,T3D1227,"27004-40-6"
1011,T3D1228,"814-81-3"
1012,T3D1229,"13395-16-9"
1013,T3D1230,"1338-02-9"
1014,T3D1231,"13426-91-0"
1015,T3D1232,"7772-99-8"
1016,T3D1234,"18282-10-5"
1017,T3D1236,"13814-97-6"
1018,T3D1237,"7783-47-3"
1019,T3D1238,"993-16-8"
1020,T3D1239,"753-73-1"
1021,T3D1240,"1066-45-1"
1022,T3D1241,"1118-46-3"
1023,T3D1242,"683-18-1"
1024,T3D1243,"1461-22-9"
1025,T3D1244,"2406-65-7"
1026,T3D1245,"78763-54-9"
1027,T3D1246,"1002-53-5"
1028,T3D1248,"1461-25-2"
1029,T3D1249,"56-35-9"
1030,T3D1250,"2767-54-6"
1031,T3D1251,"668-34-8"
1032,T3D1252,"76-87-9"
1033,T3D1253,"639-58-7"
1034,T3D1254,"3091-25-6"
1035,T3D1255,"3542-36-7"
1036,T3D1256,"869-59-0"
1037,T3D1257,"2587-76-0"
1038,T3D1258,"3590-84-9"
1039,T3D1259,"818-08-6"
1040,T3D1260,"900-95-8"
1041,T3D1261,"597-64-8"
1042,T3D1262,"594-27-4"
1043,T3D1263,"892-20-6"
1044,T3D1264,"12035-04-0"
1045,T3D1265,"2406-52-2"
1046,T3D1266,"1315-06-0"
1047,T3D1267,"12040-02-7"
1048,T3D1268,"10031-24-0"
1049,T3D1269,"12026-24-3"
1050,T3D1270,"10294-70-9"
1051,T3D1271,"21651-19-4"
1052,T3D1272,"7488-55-3"
1053,T3D1273,"1314-95-0"
1054,T3D1274,"7789-67-5"
1055,T3D1275,"7646-78-8"
1056,T3D1277,"7783-62-2"
1057,T3D1278,"7790-47-8"
1058,T3D1279,"1315-01-1"
1059,T3D1280,"54849-38-6"
1060,T3D1281,"26636-01-1"
1061,T3D1282,"1067-33-0"
1062,T3D1283,"77-58-7"
1063,T3D1284,"13121-70-5"
1064,T3D1285,"41083-11-8"
1065,T3D1286,"13356-08-6"
1066,T3D1287,"2155-70-6"
1067,T3D1289,"22831-42-1"
1068,T3D1290,"12005-69-5"
1069,T3D1291,"1303-11-3"
1070,T3D1292,"12255-48-0"
1071,T3D1293,"97-44-9"
1072,T3D1294,"289-31-6"
1073,T3D1295,"531-72-6"
1074,T3D1296,"22441-45-8"
1075,T3D1297,"7784-36-3"
1076,T3D1298,"7784-33-0"
1077,T3D1299,"7784-35-2"
1078,T3D1300,"7784-45-4"
1079,T3D1301,"1303-36-2"
1080,T3D1302,"287-77-4"
1081,T3D1303,"7334-23-8"
1082,T3D1304,"13246-32-7"
1083,T3D1305,"471-35-2"
1084,T3D1306,"503-80-0"
1085,T3D1307,"712-48-1"
1086,T3D1308,"23525-22-6"
1087,T3D1309,"598-14-1"
1088,T3D1310,"541-25-3"
1089,T3D1311,"593-89-5"
1090,T3D1312,"696-28-6"
1091,T3D1313,"3688-92-4"
1092,T3D1314,"603-32-7"
1093,T3D1316,"52740-16-6"
1094,T3D1317,"10378-48-0"
1095,T3D1318,"10102-50-8"
1096,T3D1319,"10102-49-5"
1097,T3D1320,"5968-84-3"
1098,T3D1321,"58-36-6"
1099,T3D1322,"10294-47-0"
1100,T3D1323,"814-93-7"
1101,T3D1324,"1072-35-1"
1102,T3D1325,"12069-00-0"
1103,T3D1326,"1314-91-6"
1104,T3D1327,"7783-46-2"
1105,T3D1328,"19781-14-3"
1106,T3D1329,"15875-18-0"
1107,T3D1330,"1319-46-6"
1108,T3D1331,"1335-32-6"
1109,T3D1332,"546-67-8"
1110,T3D1333,"7759-01-5"
1111,T3D1334,"26265-65-6"
1112,T3D1335,"13637-76-8"
1113,T3D1337,"51404-69-4"
1114,T3D1338,"1762-27-2"
1115,T3D1339,"1762-28-3"
1116,T3D1340,"1762-26-1"
1117,T3D1341,"10124-48-8"
1118,T3D1342,"13967-25-4"
1119,T3D1343,"7783-39-3"
1120,T3D1344,"15829-53-5"
1121,T3D1345,"1312-03-4"
1122,T3D1346,"1345-09-1"
1123,T3D1347,"591-89-9"
1124,T3D1348,"583-15-3"
1125,T3D1349,"1191-80-6"
1126,T3D1350,"502-39-6"
1127,T3D1351,"2235-25-8"
1128,T3D1352,"151-38-2"
1129,T3D1353,"26983-51-7"
1130,T3D1354,"100-56-1"
1131,T3D1355,"55-68-5"
1132,T3D1356,"12002-19-6"
1133,T3D1357,"20223-84-1"
1134,T3D1358,"627-44-1"
1135,T3D1359,"107-27-7"
1136,T3D1360,"140-20-5"
1137,T3D1361,"129-16-8"
1138,T3D1362,"486-67-9"
1139,T3D1363,"102-98-7"
1140,T3D1364,"54-64-8"
1141,T3D1367,"55700-14-6"
1142,T3D1371,"2420-98-6"
1143,T3D1372,"542-83-6"
1144,T3D1373,"68583-45-9"
1145,T3D1374,"79110-87-5"
1146,T3D1375,"13598-00-0"
1147,T3D1376,"39413-47-3"
1148,T3D1377,"66104-24-3"
1149,T3D1383,"1307-86-4"
1150,T3D1385,"13762-14-6"
1151,T3D1387,"1317-42-6"
1152,T3D1388,"17786-31-1"
1153,T3D1389,"12069-68-0"
1154,T3D1390,"12602-23-2"
1155,T3D1392,"866-81-9"
1156,T3D1393,"14040-32-5"
1157,T3D1394,"14040-33-6"
1158,T3D1395,"542-84-7"
1159,T3D1398,"12078-25-0"
1160,T3D1399,"13782-01-9"
1161,T3D1400,"544-18-3"
1162,T3D1401,"3267-76-3"
1163,T3D1402,"14017-41-5"
1164,T3D1403,"136-52-7"
1165,T3D1404,"62207-76-5"
1166,T3D1409,"13477-70-8"
1167,T3D1411,"14396-43-1"
1168,T3D1412,"11113-75-0"
1169,T3D1413,"22980-82-1"
1170,T3D1414,"12003-78-0"
1171,T3D1415,"15843-02-4"
1172,T3D1416,"13927-77-0"
1173,T3D1417,"1314-06-3"
1174,T3D1418,"1271-28-9"
1175,T3D1422,"14220-17-8"
1176,T3D1425,"12331-76-9"
1177,T3D1426,"12082-08-5"
1178,T3D1427,"1271-54-1"
1179,T3D1428,"10141-00-1"
1180,T3D1430,"12012-35-0"
1181,T3D1431,"13007-92-6"
1182,T3D1432,"13548-38-4"
1183,T3D1434,"24094-93-7"
1184,T3D1435,"14976-80-8"
1185,T3D1436,"10049-05-5"
1186,T3D1437,"12018-00-7"
1187,T3D1438,"21679-31-2"
1188,T3D1439,"10025-73-7"
1189,T3D1441,"7788-97-8"
1190,T3D1444,"1308-38-9"
1191,T3D1445,"14639-25-9"
1192,T3D1446,"10101-53-8"
1193,T3D1448,"12018-22-3"
1194,T3D1449,"12018-01-8"
1195,T3D1450,"1271-24-5"
1196,T3D1451,"14977-61-8"
1197,T3D1452,"13573-16-5"
1198,T3D1454,"1308-14-1"
1199,T3D1455,"41261-95-4"
1200,T3D1457,"814-90-4"
1201,T3D1458,"1066-30-4"
1202,T3D1459,"10326-24-6"
1203,T3D1460,"14324-55-1"
1204,T3D1461,"2452-01-9"
1205,T3D1462,"557-07-3"
1206,T3D1463,"127-82-2"
1207,T3D1464,"13597-65-4"
1208,T3D1465,"137-30-4"
1209,T3D1466,"12122-67-7"
1210,T3D1467,"625-81-0"
1211,T3D1468,"41114-59-4"
1212,T3D1469,"12179-14-5"
1213,T3D1470,"14639-97-5"
1214,T3D1471,"19210-06-1"
1215,T3D1473,"54010-75-2"
1216,T3D1474,"1332-07-6"
1217,T3D1475,"7783-24-6"
1218,T3D1476,"557-41-5"
1219,T3D1477,"557-28-8"
1220,T3D1486,"1327-41-9"
1221,T3D1487,"142-03-0"
1222,T3D1488,"139-12-8"
1223,T3D1490,"19022-77-6"
1224,T3D1491,"25152-52-7"
1225,T3D1492,"1299-86-1"
1226,T3D1493,"7446-70-0"
1227,T3D1495,"12041-50-8"
1228,T3D1496,"12041-54-2"
1229,T3D1497,"7784-18-1"
1230,T3D1499,"14484-69-6"
1231,T3D1501,"13682-92-3"
1232,T3D1502,"7784-21-6"
1233,T3D1503,"16853-85-3"
1234,T3D1504,"21645-51-2"
1235,T3D1505,"7784-23-8"
1236,T3D1507,"12004-36-3"
1237,T3D1508,"457-64-8"
1238,T3D1509,"1344-28-1"
1239,T3D1510,"555-31-7"
1240,T3D1511,"15123-80-5"
1241,T3D1512,"13595-81-8"
1242,T3D1513,"13595-82-9"
1243,T3D1514,"7047-84-9"
1244,T3D1515,"13473-90-0"
1245,T3D1517,"24304-00-5"
1246,T3D1518,"12633-97-5"
1247,T3D1519,"7784-30-7"
1248,T3D1520,"20859-73-8"
1249,T3D1521,"1335-30-4"
1250,T3D1522,"10043-01-3"
1251,T3D1524,"1302-81-4"
1252,T3D1525,"120144-90-3"
1253,T3D1526,"7784-25-0"
1254,T3D1528,"1191-15-7"
1255,T3D1529,"10043-67-1"
1256,T3D1531,"22722-98-1"
1257,T3D1532,"13770-96-2"
1258,T3D1533,"13775-53-6"
1259,T3D1534,"67719-69-1"
1260,T3D1535,"97-93-8"
1261,T3D1536,"75-24-1"
1262,T3D1537,"2085-33-8"
1263,T3D1538,"12003-67-7"
1264,T3D1539,"1302-42-7"
1265,T3D1540,"12004-37-4"
1266,T3D1541,"12068-51-8"
1267,T3D1542,"12004-76-1"
1268,T3D1543,"12003-96-2"
1269,T3D1544,"14024-11-4"
1270,T3D1545,"563-43-9"
1271,T3D1546,"10102-71-3"
1272,T3D1547,"555-35-1"
1273,T3D1548,"688-37-9"
1274,T3D1549,"7785-88-8"
1275,T3D1550,"100-99-2"
1276,T3D1551,"12075-68-2"
1277,T3D1552,"12263-85-3"
1278,T3D1553,"96-10-6"
1279,T3D1554,"555-75-9"
1280,T3D1555,"300-92-5"
1281,T3D1556,"637-12-7"
1282,T3D1557,"1070-00-4"
1283,T3D1558,"16-70-7"
1284,T3D1559,"1116-73-0"
1285,T3D1560,"1529-57-3"
1286,T3D1561,"1529-58-4"
1287,T3D1562,"1529-59-5"
1288,T3D1563,"1726-65-4"
1289,T3D1564,"1726-66-5"
1290,T3D1565,"1779-25-5"
1291,T3D1566,"44-01-0"
1292,T3D1567,"14457-84-2"
1293,T3D1568,"1318-23-6"
1294,T3D1571,"2269-22-9"
1295,T3D1572,"12012-95-2"
1296,T3D1573,"24-61-4"
1297,T3D1574,"12648-42-9"
1298,T3D1575,"3375-31-3"
1299,T3D1576,"7647-10-1"
1300,T3D1577,"10102-05-3"
1301,T3D1578,"1314-08-5"
1302,T3D1579,"14221-01-3"
1303,T3D1581,"7440-05-3"
1304,T3D1582,"19168-23-1"
1305,T3D1583,"32005-36-0"
1306,T3D1584,"14024-61-4"
1307,T3D1585,"14323-43-4"
1308,T3D1586,"13782-33-7"
1309,T3D1587,"965-03-2"
1310,T3D1588,"28068-05-5"
1311,T3D1589,"12107-56-1"
1312,T3D1590,"16970-55-1"
1313,T3D1591,"90-38-7"
1314,T3D1592,"566-03-5"
1315,T3D1593,"10025-98-6"
1316,T3D1594,"13820-53-6"
1317,T3D1595,"13815-17-3"
1318,T3D1596,"134620-00-1"
1319,T3D1599,"563-63-3"
1320,T3D1600,"7659-31-6"
1321,T3D1601,"13863-88-2"
1322,T3D1602,"534-16-7"
1323,T3D1603,"7783-92-8"
1324,T3D1604,"7783-90-6"
1325,T3D1605,"5610-59-3"
1326,T3D1606,"26042-63-7"
1327,T3D1607,"7783-97-3"
1328,T3D1608,"7783-96-2"
1329,T3D1609,"13765-74-4"
1330,T3D1610,"7761-88-8"
1331,T3D1611,"533-51-7"
1332,T3D1612,"20667-12-3"
1333,T3D1613,"7783-93-9"
1334,T3D1615,"1302-01-8"
1335,T3D1616,"10294-26-5"
1336,T3D1617,"21548-73-2"
1337,T3D1618,"12002-99-2"
1338,T3D1619,"14104-20-2"
1339,T3D1620,"1493-13-6"
1340,T3D1621,"7775-41-9"
1341,T3D1622,"1301-96-8"
1342,T3D1624,"12070-10-9"
1343,T3D1625,"20644-87-5"
1344,T3D1626,"24646-85-3"
1345,T3D1627,"7727-18-6"
1346,T3D1628,"7632-51-1"
1347,T3D1629,"10580-52-6"
1348,T3D1630,"12035-98-2"
1349,T3D1631,"7718-98-1"
1350,T3D1632,"10049-12-4"
1351,T3D1633,"15513-94-7"
1352,T3D1634,"1314-34-7"
1353,T3D1635,"13701-70-7"
1354,T3D1636,"10049-16-8"
1355,T3D1637,"27774-13-6"
1356,T3D1638,"12036-21-4"
1357,T3D1639,"1314-62-1"
1358,T3D1640,"13709-31-4"
1359,T3D1641,"12083-48-6"
1360,T3D1642,"3153-26-2"
1361,T3D1645,"7803-55-6"
1362,T3D1646,"13718-26-8"
1363,T3D1647,"13721-39-6"
1364,T3D1648,"2035-66-7"
1365,T3D1649,"27072-45-3"
1366,T3D1650,"7188-38-7"
1367,T3D1651,"6914-07-4"
1368,T3D1652,"593-75-9"
1369,T3D1653,"36635-61-7"
1370,T3D1654,"105879-13-8"
1371,T3D1655,"580-74-5"
1372,T3D1659,"103-71-9"
1373,T3D1660,"1189-71-5"
1374,T3D1661,"822-06-0"
1375,T3D1662,"4098-71-9"
1376,T3D1663,"624-83-9"
1377,T3D1664,"101-68-8"
1378,T3D1665,"86-91-9"
1379,T3D1666,"111-36-4"
1380,T3D1667,"584-84-9"
1381,T3D1668,"91-08-7"
1382,T3D1669,"102-36-3"
1383,T3D1670,"30674-80-7"
1384,T3D1672,"91-93-0"
1385,T3D1673,"5124-30-1"
1386,T3D1674,"556-64-9"
1387,T3D1675,"542-90-5"
1388,T3D1676,"6317-18-6"
1389,T3D1677,"115-31-1"
1390,T3D1678,"75-86-5"
1391,T3D1679,"107-91-5"
1392,T3D1680,"105-56-6"
1393,T3D1681,"4044-65-9"
1394,T3D1682,"109-78-4"
1395,T3D1683,"372-09-8"
1396,T3D1684,"14038-43-8"
1397,T3D1685,"75-05-8"
1398,T3D1686,"532-28-5"
1399,T3D1687,"2094-98-6"
1400,T3D1688,"107-13-1"
1401,T3D1689,"111-69-3"
1402,T3D1690,"151-18-8"
1403,T3D1691,"100-47-0"
1404,T3D1692,"140-29-4"
1405,T3D1693,"5798-79-8"
1406,T3D1694,"1689-84-5"
1407,T3D1695,"6606-65-1"
1408,T3D1696,"109-74-0"
1409,T3D1697,"555-60-2"
1410,T3D1698,"370-86-5"
1411,T3D1699,"122453-73-0"
1412,T3D1700,"1897-45-6"
1413,T3D1701,"1194-65-6"
1414,T3D1702,"7085-85-0"
1415,T3D1703,"544-13-8"
1416,T3D1704,"109-77-3"
1417,T3D1705,"137-05-3"
1418,T3D1706,"6701-17-3"
1419,T3D1707,"91-15-6"
1420,T3D1708,"107-12-0"
1421,T3D1709,"5459-90-4"
1422,T3D1710,"110-61-2"
1423,T3D1711,"1518-16-7"
1424,T3D1712,"670-54-2"
1425,T3D1713,"3333-52-6"
1426,T3D1715,"7789-31-3"
1427,T3D1716,"7758-01-2"
1428,T3D1717,"7783-89-3"
1429,T3D1718,"7789-38-0"
1430,T3D1719,"14519-18-7"
1431,T3D1720,"7727-15-3"
1432,T3D1721,"12124-97-9"
1433,T3D1722,"7789-61-9"
1434,T3D1723,"10294-33-4"
1435,T3D1724,"52-51-7"
1436,T3D1725,"30007-47-7"
1437,T3D1726,"7787-69-1"
1438,T3D1727,"7789-41-5"
1439,T3D1729,"14457-87-5"
1440,T3D1730,"13450-88-9"
1441,T3D1731,"10294-28-7"
1442,T3D1732,"10035-10-6"
1443,T3D1733,"14280-53-6"
1444,T3D1734,"13465-09-3"
1445,T3D1735,"7789-46-0"
1446,T3D1736,"10031-26-2"
1447,T3D1737,"13536-79-3"
1448,T3D1738,"7550-35-8"
1449,T3D1739,"7789-48-2"
1450,T3D1742,"13748-45-0"
1451,T3D1743,"15162-90-0"
1452,T3D1744,"7789-69-7"
1453,T3D1745,"7789-60-8"
1454,T3D1746,"13455-12-4"
1455,T3D1747,"68936-92-1"
1456,T3D1748,"7758-02-3"
1457,T3D1749,"10031-23-9"
1458,T3D1750,"7789-39-1"
1459,T3D1751,"7789-51-7"
1460,T3D1752,"7789-66-4"
1461,T3D1753,"7785-23-1"
1462,T3D1754,"7647-15-6"
1463,T3D1756,"10476-81-0"
1464,T3D1758,"13451-11-1"
1465,T3D1759,"7789-54-0"
1466,T3D1760,"10031-27-3"
1467,T3D1761,"14456-47-4"
1468,T3D1762,"558-13-4"
1469,T3D1763,"7789-40-4"
1470,T3D1764,"507-16-4"
1471,T3D1765,"7789-68-6"
1472,T3D1766,"13470-11-6"
1473,T3D1767,"13520-77-9"
1474,T3D1768,"13470-26-3"
1475,T3D1769,"13759-89-2"
1476,T3D1770,"13469-98-2"
1477,T3D1771,"1377-25-8"
1478,T3D1772,"78-76-2"
1479,T3D1773,"3377-86-4"
1480,T3D1774,"106-95-6"
1481,T3D1775,"16079-88-2"
1482,T3D1776,"100-39-0"
1483,T3D1777,"79-08-3"
1484,T3D1778,"598-31-2"
1485,T3D1779,"108-86-1"
1486,T3D1780,"71418-44-5"
1487,T3D1781,"109-65-9"
1488,T3D1782,"59-14-3"
1489,T3D1783,"3832-48-2"
1490,T3D1784,"74-96-4"
1491,T3D1785,"75-25-2"
1492,T3D1786,"111-25-1"
1493,T3D1787,"74-83-9"
1494,T3D1788,"75-26-3"
1495,T3D1789,"128-08-5"
1496,T3D1790,"51-20-7"
1497,T3D1791,"521-74-4"
1498,T3D1792,"77-48-5"
1499,T3D1793,"557-91-5"
1500,T3D1795,"74-95-3"
1501,T3D1796,"78-75-1"
1502,T3D1797,"109-64-8"
1503,T3D1798,"496-00-4"
1504,T3D1799,"105-36-2"
1505,T3D1800,"25637-99-4"
1506,T3D1801,"70-11-1"
1507,T3D1802,"106-94-5"
1508,T3D1803,"79-94-7"
1509,T3D1804,"79-27-6"
1510,T3D1805,"17497-85-7"
1511,T3D1806,"593-60-2"
1512,T3D1807,"89-92-9"
1513,T3D1808,"28258-59-5"
1514,T3D1809,"620-13-3"
1515,T3D1810,"21255-83-4"
1516,T3D1811,"13863-41-7"
1517,T3D1812,"7789-30-2"
1518,T3D1813,"7787-71-5"
1519,T3D1814,"14220-21-4"
1520,T3D1815,"7783-08-6"
1521,T3D1816,"13410-01-0"
1522,T3D1817,"645-96-5"
1523,T3D1818,"1666-13-3"
1524,T3D1819,"7446-08-4"
1525,T3D1820,"7446-34-6"
1526,T3D1821,"7488-56-4"
1527,T3D1822,"7783-79-1"
1528,T3D1823,"75926-26-0"
1529,T3D1824,"7791-23-3"
1530,T3D1825,"10026-03-6"
1531,T3D1826,"13465-66-2"
1532,T3D1827,"13768-86-0"
1533,T3D1828,"1302-82-5"
1534,T3D1829,"1315-05-5"
1535,T3D1830,"506-80-9"
1536,T3D1831,"12024-11-2"
1537,T3D1832,"12024-24-7"
1538,T3D1833,"12065-10-0"
1539,T3D1834,"7783-07-5"
1540,T3D1835,"12056-07-4"
1541,T3D1836,"1302-09-6"
1542,T3D1837,"7783-00-8"
1543,T3D1838,"7784-05-6"
1544,T3D1839,"10102-18-8"
1545,T3D1840,"12039-52-0"
1546,T3D1841,"144-34-3"
1547,T3D1842,"108-39-4"
1548,T3D1843,"82657-04-3"
1549,T3D1844,"28434-01-7"
1550,T3D1846,"39515-41-8"
1551,T3D1847,"70124-77-5"
1552,T3D1848,"69770-45-2"
1553,T3D1849,"102851-06-9"
1554,T3D1850,"52645-53-1"
1555,T3D1851,"79538-32-2"
1556,T3D1852,"66841-25-6"
1557,T3D1853,"25402-06-6"
1558,T3D1854,"121-20-0"
1559,T3D1855,"4466-14-2"
1560,T3D1856,"1172-63-0"
1561,T3D1857,"121-21-1"
1562,T3D1858,"121-29-9"
1563,T3D1859,"12067-17-3"
1564,T3D1860,"12597-17-0"
1565,T3D1861,"18770-47-3"
1566,T3D1862,"10433-06-4"
1567,T3D1863,"13077-54-8"
1568,T3D1864,"36368-97-5"
1569,T3D1866,"193095-46-4"
1570,T3D1867,"12359-48-7"
1571,T3D1868,"16629-56-4"
1572,T3D1869,"19493-17-5"
1573,T3D1870,"12361-66-9"
1574,T3D1872,"16950-06-4"
1575,T3D1873,"18424-17-4"
1576,T3D1874,"23854-38-8"
1577,T3D1875,"17856-92-7"
1578,T3D1876,"16941-06-3"
1579,T3D1877,"12208-13-8"
1580,T3D1879,"16893-92-8"
1581,T3D1880,"10090-54-7
"
1582,T3D1881,"26042-64-8"
1583,T3D1882,"16925-25-0"
1584,T3D1883,"13776-84-6"
1585,T3D1884,"45212-19-9"
1586,T3D1885,"16894-69-2"
1587,T3D1886,"107373-21-7"
1588,T3D1887,"3264-67-3"
1589,T3D1888,"5835-64-3"
1590,T3D1889,"13059-67-1"
1591,T3D1890,"13077-53-7"
1592,T3D1891,"54075-76-2"
1593,T3D1892,"603-36-1"
1594,T3D1893,"1538-62-1"
1595,T3D1894,"57997-56-5"
1596,T3D1895,"594-31-0"
1597,T3D1896,"28609-58-7"
1598,T3D1897,"52704-88-8"
1599,T3D1898,"27309-70-2"
1600,T3D1899,"386-91-4"
1601,T3D1900,"24964-91-8"
1602,T3D1901,"17946-45-1"
1603,T3D1902,"7289-92-1"
1604,T3D1903,"23822-15-3"
1605,T3D1904,"5395-43-7"
1606,T3D1905,"3643-76-3"
1607,T3D1906,"10061-01-5"
1608,T3D1907,"10061-02-6"
1609,T3D1908,"563-58-6"
1610,T3D1909,"563-54-2"
1611,T3D1910,"78-88-6"
1612,T3D1911,"563-57-5"
1613,T3D1912,"10034-81-8"
1614,T3D1913,"7778-74-7"
1615,T3D1914,"7790-98-9"
1616,T3D1915,"7601-89-0"
1617,T3D1916,"7791-03-9"
1618,T3D1917,"252-07-7"
1619,T3D1918,"115245-06-2"
1620,T3D1919,"115245-07-3"
1621,T3D1920,"115245-08-4"
1622,T3D1921,"115245-09-5"
1623,T3D1922,"115245-10-8"
1624,T3D1923,"119264-50-5"
1625,T3D1924,"119264-51-6"
1626,T3D1925,"119264-52-7"
1627,T3D1926,"119264-53-8"
1628,T3D1927,"119264-54-9"
1629,T3D1928,"119264-55-0"
1630,T3D1929,"119264-56-1"
1631,T3D1930,"119264-57-2"
1632,T3D1931,"119264-58-3"
1633,T3D1932,"119264-59-4"
1634,T3D1933,"119264-60-7"
1635,T3D1934,"119264-61-8"
1636,T3D1935,"60586-57-4"
1637,T3D1936,"119264-63-0"
1638,T3D1937,"120991-47-1"
1639,T3D1938,"120991-48-2"
1640,T3D1939,"13029-09-9"
1641,T3D1940,"13654-09-6"
1642,T3D1941,"16372-96-6"
1643,T3D1942,"16400-50-3"
1644,T3D1943,"16400-51-4"
1645,T3D1944,"2113-57-7"
1646,T3D1948,"27858-07-7"
1647,T3D1949,"35194-78-6"
1648,T3D1951,"36402-15-0"
1649,T3D1952,"38421-62-4"
1650,T3D1953,"40088-45-7"
1651,T3D1954,"49602-90-6"
1652,T3D1955,"49602-91-7"
1653,T3D1956,"51202-79-0"
1654,T3D1957,"53592-10-2"
1655,T3D1958,"55066-76-7"
1656,T3D1960,"57186-90-0"
1657,T3D1961,"57422-77-2"
1658,T3D1962,"59080-32-9"
1659,T3D1963,"59080-33-0"
1660,T3D1964,"59080-34-1"
1661,T3D1965,"59080-35-2"
1662,T3D1966,"59080-36-3"
1663,T3D1967,"59080-37-4"
1664,T3D1968,"59080-38-5"
1665,T3D1969,"59080-39-6"
1666,T3D1970,"59080-40-9"
1667,T3D1971,"59080-41-0"
1668,T3D1972,"59261-08-4"
1669,T3D1973,"59589-92-3"
1670,T3D1974,"60044-24-8"
1671,T3D1975,"60044-25-9"
1672,T3D1976,"60044-26-0"
1673,T3D1977,"60108-72-7"
1674,T3D1978,"64258-02-2"
1675,T3D1979,"64258-03-3"
1676,T3D1980,"6430-90-6"
1677,T3D1981,"66115-57-9"
1678,T3D1982,"6683-35-8"
1679,T3D1983,"67733-52-2"
1680,T3D1984,"67888-96-4"
1681,T3D1985,"67888-97-5"
1682,T3D1986,"67888-98-6"
1683,T3D1987,"67888-99-7"
1684,T3D1988,"67889-00-3"
1685,T3D1989,"69278-59-7"
1686,T3D1990,"69278-60-0"
1687,T3D1991,"69278-61-1"
1688,T3D1992,"69278-62-2"
1689,T3D1993,"69887-11-2"
1690,T3D1994,"72416-87-6"
1691,T3D1995,"74114-77-5"
1692,T3D1996,"77102-82-0"
1693,T3D1997,"77607-09-1"
1694,T3D1998,"77910-04-4"
1695,T3D1999,"79682-25-0"
1696,T3D2000,"80274-92-6"
1697,T3D2001,"80407-70-1"
1698,T3D2002,"81381-52-4"
1699,T3D2003,"81397-99-1"
1700,T3D2004,"81902-33-2"
1701,T3D2005,"82865-89-2"
1702,T3D2006,"82865-90-5"
1703,T3D2007,"82865-91-5"
1704,T3D2008,"82865-92-7"
1705,T3D2009,"84303-45-7"
1706,T3D2010,"84303-46-8"
1707,T3D2011,"84303-47-9"
1708,T3D2012,"84303-48-0"
1709,T3D2013,"84303-49-1"
1710,T3D2014,"86029-64-3"
1711,T3D2015,"88700-04-3"
1712,T3D2016,"88700-05-4"
1713,T3D2017,"88700-06-5"
1714,T3D2018,"92-66-0"
1715,T3D2019,"92-86-4"
1716,T3D2020,"93261-83-7"
1717,T3D2021,"96551-70-1"
1718,T3D2022,"97038-95-4"
1719,T3D2023,"97038-96-5"
1720,T3D2024,"97038-97-6"
1721,T3D2025,"97038-98-7"
1722,T3D2026,"97038-99-8"
1723,T3D2027,"97063-75-7"
1724,T3D2032,
1725,T3D2033,
1726,T3D2034,
1727,T3D2035,
1728,T3D2036,"101-55-3"
1729,T3D2037,"2050-47-7"
1730,T3D2038,"49690-94-0"
1731,T3D2039,"40088-47-9"
1732,T3D2040,"32534-81-9"
1733,T3D2041,"36483-60-0"
1734,T3D2042,"68928-80-3"
1735,T3D2043,"32536-52-0"
1736,T3D2044,"63936-56-1"
1737,T3D2045,"1163-19-5"
1738,T3D2046,"39227-53-7"
1739,T3D2047,"39227-54-8"
1740,T3D2048,"50585-39-2"
1741,T3D2049,"38178-38-0"
1742,T3D2050,"29446-15-9"
1743,T3D2051,"33857-26-0"
1744,T3D2052,"38964-22-6"
1745,T3D2053,"54536-19-5"
1746,T3D2054,"54536-18-4"
1747,T3D2055,"64560-13-0"
1748,T3D2056,"82291-27-8"
1749,T3D2057,"82291-26-7"
1750,T3D2058,"39227-58-2"
1751,T3D2059,"33857-28-2"
1752,T3D2060,"67028-17-5"
1753,T3D2061,"82306-65-8"
1754,T3D2062,"82306-63-6"
1755,T3D2063,"82306-64-7"
1756,T3D2064,"82306-62-5"
1757,T3D2065,"82306-61-4"
1758,T3D2066,"82291-33-6"
1759,T3D2067,"82291-32-5"
1760,T3D2068,"82291-31-4"
1761,T3D2069,"82291-30-3"
1762,T3D2070,"69760-96-9"
1763,T3D2071,"54536-17-3"
1764,T3D2072,"30746-58-8"
1765,T3D2073,"71669-25-5"
1766,T3D2074,"67028-18-6"
1767,T3D2075,"53555-02-5"
1768,T3D2076,"71669-26-6"
1769,T3D2077,"71669-27-7"
1770,T3D2078,"71669-28-8"
1771,T3D2079,"71669-29-9"
1772,T3D2080,"71665-99-1"
1773,T3D2081,"40581-90-6"
1774,T3D2082,"67323-56-2"
1775,T3D2083,"40581-91-7"
1776,T3D2084,"34816-53-0"
1777,T3D2085,"62470-54-6"
1778,T3D2086,"33423-92-6"
1779,T3D2087,"71669-24-4"
1780,T3D2088,"50585-46-1"
1781,T3D2089,"62470-53-5"
1782,T3D2090,"40581-93-9"
1783,T3D2091,"40581-94-0"
1784,T3D2092,"39227-61-7"
1785,T3D2093,"40321-76-4"
1786,T3D2094,"58802-08-7"
1787,T3D2095,"71925-18-3"
1788,T3D2096,"82291-38-1"
1789,T3D2097,"82291-36-9"
1790,T3D2098,"82291-35-8"
1791,T3D2099,"71925-17-2"
1792,T3D2100,"82291-34-7"
1793,T3D2101,"71925-16-1"
1794,T3D2102,"67028-19-7"
1795,T3D2103,"82291-37-0"
1796,T3D2104,"71998-76-0"
1797,T3D2105,"71925-15-0"
1798,T3D2106,"57653-85-7"
1799,T3D2107,"64461-98-9"
1800,T3D2108,"19408-74-3"
1801,T3D2109,"39227-62-8"
1802,T3D2110,"58200-66-1"
1803,T3D2111,"39227-28-6"
1804,T3D2112,"58200-69-4"
1805,T3D2113,"58200-68-3"
1806,T3D2114,"58802-09-8"
1807,T3D2115,"58200-67-2"
1808,T3D2116,"35822-46-9"
1809,T3D2117,"58200-70-7"
1810,T3D2118,"3268-87-9"
1811,T3D2132,"31107-44-5"
1812,T3D2134,"107555-95-3"
1813,T3D2136,"70648-25-8"
1814,T3D2137,"124388-78-9"
1815,T3D2138,"79060-60-9"
1816,T3D2139,"69698-58-4"
1817,T3D2140,"69698-60-8"
1818,T3D2141,"91538-83-9"
1819,T3D2142,"83704-47-6"
1820,T3D2143,"161880-51-9"
1821,T3D2144,"55673-89-7"
1822,T3D2145,"129880-08-6"
1823,T3D2146,"70648-26-9"
1824,T3D2147,"91538-84-0"
1825,T3D2148,"83704-48-7"
1826,T3D2149,"92341-07-6"
1827,T3D2150,"67517-48-0"
1828,T3D2151,"83704-49-8"
1829,T3D2152,"24478-72-6"
1830,T3D2154,"107555-94-2"
1831,T3D2155,"57117-44-9"
1832,T3D2156,"92341-06-5"
1833,T3D2157,"57117-42-7"
1834,T3D2158,"75198-38-8"
1835,T3D2159,"83704-51-2"
1836,T3D2160,"83704-52-3"
1837,T3D2161,"83704-21-6"
1838,T3D2162,"161880-49-5"
1839,T3D2163,"72918-21-9"
1840,T3D2164,"107555-93-1"
1841,T3D2165,"57117-41-6"
1842,T3D2166,"83704-53-4"
1843,T3D2167,"83704-22-7"
1844,T3D2168,"83704-54-5"
1845,T3D2169,"62615-08-1"
1846,T3D2170,"83704-23-8"
1847,T3D2171,"67562-40-7"
1848,T3D2172,"75627-02-0"
1849,T3D2173,"83704-50-1"
1850,T3D2174,"69698-59-5"
1851,T3D2175,"69698-57-3"
1852,T3D2176,"70648-24-7"
1853,T3D2177,"71998-73-7"
1854,T3D2178,"58802-15-6"
1855,T3D2179,"71998-74-8"
1856,T3D2180,"83719-40-8"
1857,T3D2181,"70648-23-6"
1858,T3D2182,"64126-87-0"
1859,T3D2184,"69433-00-7"
1860,T3D2185,"70872-82-1"
1861,T3D2186,"83704-25-0"
1862,T3D2187,"83710-07-0"
1863,T3D2188,"84761-80-8"
1864,T3D2189,"58802-20-3"
1865,T3D2190,"83704-26-1"
1866,T3D2191,"64126-85-8"
1867,T3D2192,"71998-75-9"
1868,T3D2193,"92341-05-4"
1869,T3D2194,"83704-36-3"
1870,T3D2195,"83704-55-6"
1871,T3D2196,"70648-15-6"
1872,T3D2197,"83704-27-2"
1873,T3D2198,"58802-16-7"
1874,T3D2199,"70648-20-3"
1875,T3D2200,"70648-16-7"
1876,T3D2201,"92341-04-3"
1877,T3D2203,"70648-21-4"
1878,T3D2204,"57117-36-9"
1879,T3D2205,"71998-72-6"
1880,T3D2206,"83690-98-6"
1881,T3D2207,"57117-35-8"
1882,T3D2208,"64560-17-4"
1883,T3D2209,"64560-16-3"
1884,T3D2210,"94538-00-8"
1885,T3D2211,"66794-59-0"
1886,T3D2212,"82911-58-8"
1887,T3D2213,"83704-29-4"
1888,T3D2214,"64560-14-1"
1889,T3D2215,"42934-53-2"
1890,T3D2225,"13067-90-8"
1891,T3D2228,"161880-50-8"
1892,T3D2229,"60851-34-5"
1893,T3D2230,"124388-77-8"
1894,T3D2231,"57117-43-8"
1895,T3D2232,"67481-22-5"
1896,T3D2233,"83704-30-7"
1897,T3D2234,"131166-92-2"
1898,T3D2236,"83704-31-8"
1899,T3D2237,"83704-32-9"
1900,T3D2238,"57117-34-7"
1901,T3D2239,"57117-39-2"
1902,T3D2240,"57117-37-0"
1903,T3D2241,"57117-33-6"
1904,T3D2242,"67733-57-7"
1905,T3D2244,"58802-17-8"
1906,T3D2245,"57117-32-5"
1907,T3D2247,"57117-38-1"
1908,T3D2248,"58802-19-0"
1909,T3D2249,"58802-14-5"
1910,T3D2250,"54589-71-8"
1911,T3D2251,"24478-74-8"
1912,T3D2257,"60390-27-4"
1913,T3D2258,"65489-80-7"
1914,T3D2263,"10016-52-1"
1915,T3D2264,"5409-83-6"
1916,T3D2266,"86-76-0"
1917,T3D2268,"51230-49-0"
1918,T3D2279,"57117-40-5"
1919,T3D2281,"74918-40-4"
1920,T3D2282,"58802-21-4"
1921,T3D2286,"25074-67-3"
1922,T3D2306,"115656-08-1"
1923,T3D2307,"74992-96-4"
1924,T3D2324,"125652-15-5"
1925,T3D2325,"118174-38-2"
1926,T3D2326,"132194-83-3"
1927,T3D2327,"125652-17-7"
1928,T3D2328,"125652-12-2"
1929,T3D2329,"74423-77-1"
1930,T3D2330,"103124-72-7"
1931,T3D2331,"51596-39-5"
1932,T3D2336,"107227-60-1"
1933,T3D2338,"52025-76-0"
1934,T3D2339,"131436-22-1"
1935,T3D2350,"107819-07-8"
1936,T3D2358,"107207-36-3"
1937,T3D2378,"79253-92-2"
1938,T3D2384,"103456-41-3"
1939,T3D2403,"110-54-3"
1940,T3D2404,"107-83-5"
1941,T3D2405,"96-14-0"
1942,T3D2406,"79-29-8"
1943,T3D2407,"75-83-2"
1944,T3D2408,"20205-91-8"
1945,T3D2409,"1305-99-3"
1946,T3D2410,"12063-98-8"
1947,T3D2411,"22398-80-7"
1948,T3D2412,"12023-53-9"
1949,T3D2413,"12058-85-4"
1950,T3D2414,"12037-65-9"
1951,T3D2415,"94538-01-9"
1952,T3D2416,"74992-97-5"
1953,T3D2417,"94538-02-0"
1954,T3D2418,"81638-37-1"
1955,T3D2419,"70648-14-5"
1956,T3D2420,"64126-86-9"
1957,T3D2421,"74992-98-6"
1958,T3D2422,"94570-83-9"
1959,T3D2423,"83636-47-9"
1960,T3D2424,"64560-15-2"
1961,T3D2425,"83704-37-4"
1962,T3D2426,"83704-34-1"
1963,T3D2427,"83704-38-5"
1964,T3D2428,"82911-61-3"
1965,T3D2429,"83704-39-6"
1966,T3D2430,"76621-12-0"
1967,T3D2431,"83704-40-9"
1968,T3D2432,"82911-60-2"
1969,T3D2433,"83704-41-0"
1970,T3D2434,"70648-13-4"
1971,T3D2435,"58802-18-9"
1972,T3D2436,"83704-42-1"
1973,T3D2437,"82911-59-9"
1974,T3D2438,"83704-43-2"
1975,T3D2439,"83704-44-3"
1976,T3D2440,"83704-45-4"
1977,T3D2441,"83704-46-5"
1978,T3D2442,"83704-24-9"
1979,T3D2443,"70648-18-9"
1980,T3D2444,"70648-22-5"
1981,T3D2445,"83704-28-3"
1982,T3D2446,"70648-19-0"
1983,T3D2447,"83704-33-0"
1984,T3D2450,"23109-05-9"
1985,T3D2451,"37338-80-0"
1986,T3D2452,"300-54-9"
1987,T3D2453,"16568-02-8"
1988,T3D2454,"58919-61-2"
1989,T3D2455,"2552-55-8"
1990,T3D2456,"18174-72-6"
1991,T3D2457,"520-52-5"
1992,T3D2458,"520-53-6"
1993,T3D2460,"113-15-5"
1994,T3D2462,"77734-91-9"
1995,T3D2463,"11050-21-8"
1996,T3D2464,"142185-85-1"
1997,T3D2465,"139341-09-6"
1998,T3D2466,"123676-76-6"
1999,T3D2467,"17466-45-4"
2000,T3D2468,"67739-84-8"
2001,T3D2469,"28227-92-1"
2002,T3D2470,"19774-69-7"
2003,T3D2471,"26645-35-2"
2004,T3D2472,"53568-40-4"
2005,T3D2473,"58286-46-7"
2006,T3D2474,"31329-57-4"
2007,T3D2477,"11061-68-0"
2008,T3D2478,"100986-85-4"
2009,T3D2479,"53643-48-4"
2010,T3D2480,"50-48-6"
2011,T3D2481,"9009-86-3"
2012,T3D2482,"80-08-0"
2013,T3D2483,"29094-61-9"
2014,T3D2484,"4368-28-9"
2015,T3D2486,"59-05-2"
2016,T3D2487,"24345-16-2"
2017,T3D2489,"77108-00-0"
2018,T3D2490,"202075-91-0"
2019,T3D2491,"216064-36-7"
2020,T3D2492,"88254-04-0"
2021,T3D2493,"137084-94-7"
2022,T3D2494,"145017-83-0"
2023,T3D2495,"193981-10-1"
2024,T3D2496,"114264-83-4"
2025,T3D2497,"91728-12-0"
2026,T3D2498,"152617-90-8"
2027,T3D2499,"526224-73-7"
2028,T3D2500,"65988-34-3"
2029,T3D2501,"880886-00-0" or "221872-97-5"
2030,T3D2502,"1262235-00-6"
2031,T3D2503,
2032,T3D2505,"189120-72-7"
2033,T3D2506,"155646-21-2"
2034,T3D2507,"95751-30-7"
2035,T3D2508,"163515-35-3"
2036,T3D2509,"211688-17-4"
2037,T3D2510,"769933-79-1"
2038,T3D2511,"478621-50-0"
2039,T3D2512,"129203-60-7"
2040,T3D2513,"172451-37-5"
2041,T3D2514,
2042,T3D2515,"145199-73-1"
2043,T3D2516,"150769-72-5"
2044,T3D2517,"159605-22-8"
2045,T3D2518,"223246-26-2"
2046,T3D2519,"820959-57-7"
2047,T3D2520,"145808-47-5"
2048,T3D2521,"188240-41-7"
2049,T3D2522,"85205-49-8"
2050,T3D2523,"142948-19-4"
2051,T3D2524,"144026-79-9"
2052,T3D2525,"508220-81-3"
2053,T3D2526,"39465-37-7"
2054,T3D2527,"23509-16-2"
2055,T3D2528,"34272-51-0"
2056,T3D2529,"73376-35-9"
2057,T3D2530,"140111-52-0"
2058,T3D2531,"73376-38-2"
2059,T3D2532,"464-74-4"
2060,T3D2534,"487-93-4"
2061,T3D2535,"470-37-1"
2062,T3D2536,"470-42-8"
2063,T3D2537,"11032-79-4"
2064,T3D2538,"12778-32-4"
2065,T3D2539,"134710-25-1"
2066,T3D2540,"178037-96-2"
2067,T3D2541,"155808-00-7"
2068,T3D2542,"58740-15-1"
2069,T3D2543,"9007-40-3"
2070,T3D2544,"37206-04-5"
2071,T3D2545,"119128-61-9"
2072,T3D2546,"74504-53-3"
2073,T3D2547,"112154-17-3"
2074,T3D2549,"69-25-0"
2075,T3D2550,"67656-42-2"
2076,T3D2551,"35523-89-8"
2077,T3D2552,"269658-04-0"; "183449-91-4"
2078,T3D2553,"504-24-5"
2079,T3D2554,"1134-47-0"
2080,T3D2555,"111974-69-7"
2081,T3D2556,"54143-55-4"
2082,T3D2557,"97-77-8"
2083,T3D2558,"99-66-1"
2084,T3D2560,"768-94-5"
2085,T3D2561,"54-05-7"
2086,T3D2562,"96-48-0"
2087,T3D2563,"124-38-9"
2088,T3D2564,"28911-01-5"
2089,T3D2565,"58-40-2"
2090,T3D2566,"9005-49-6"
2091,T3D2567,"81-81-2"
2092,T3D2568,"73384-59-5"
2093,T3D2570,"84057-84-1"
2094,T3D2571,"103-90-2"
2095,T3D2573,"1979-06-01"
2096,T3D2575,"27203-92-5"
2097,T3D2576,"52-86-8"
2098,T3D2577,"249296-44-4"
2099,T3D2578,"640-19-7"
2100,T3D2580,"72093-21-1"
2101,T3D2581,"203526-59-4"
2102,T3D2582,"269745-22-4"
2103,T3D2584,"132821-30-8"
2104,T3D2585,"52019-39-3"
2105,T3D2587,"59392-53-9"
2106,T3D2589,"600880-63-9"
2107,T3D2590,"118354-83-9"
2108,T3D2592,"921236-86-4"
2109,T3D2593,"643772-15-0"
2110,T3D2594,"159233-86-0"
2111,T3D2595,"70323-44-3"
2112,T3D2596,"566070-83-5"
2113,T3D2597,
2114,T3D2598,
2115,T3D2599,
2116,T3D2600,
2117,T3D2601,"71329-60-7"
2118,T3D2602,"676570-37-9"
2119,T3D2605,"112627-82-4"
2120,T3D2606,
2121,T3D2607,
2122,T3D2609,
2123,T3D2610,"94716-94-6"
2124,T3D2611,"143257-99-2"
2125,T3D2612,"74838-20-3"
2126,T3D2613,
2127,T3D2614,"147096-70-6"
2128,T3D2618,
2129,T3D2619,
2130,T3D2620,
2131,T3D2622,"98072-47-0"
2132,T3D2623,"9012-63-9"
2133,T3D2624,"20449-79-0"
2134,T3D2625,
2135,T3D2626,"128549-96-2"
2136,T3D2627,"120500-28-9"
2137,T3D2628,
2138,T3D2629,"170780-01-5"
2139,T3D2630,"9031-54-3"
2140,T3D2631,
2141,T3D2633,"126601-49-8"
2142,T3D2635,"59536-69-5"
2143,T3D2636,
2144,T3D2637,"9001-84-7"
2145,T3D2638,"37233-96-4"
2146,T3D2639,
2147,T3D2640,
2148,T3D2642,
2149,T3D2643,
2150,T3D2645,"98112-41-5"
2151,T3D2646,
2152,T3D2647,
2153,T3D2648,
2154,T3D2649,
2155,T3D2656,
2156,T3D2657,
2157,T3D2658,
2158,T3D2659,
2159,T3D2660,
2160,T3D2661,
2161,T3D2663,"10596-23-3"
2162,T3D2665,"40391-99-9"
2163,T3D2666,"66376-36-1"
2164,T3D2667,"114084-78-5"
2165,T3D2668,"105462-24-6"
2166,T3D2669,"118072-93-8"
2167,T3D2670,"20830-75-5"
2168,T3D2671,"174722-31-7"
2169,T3D2672,"214899-21-5"
2170,T3D2673,"151319-34-5"
2171,T3D2674,"61825-94-3"
2172,T3D2675,"165800-03-3"
2173,T3D2676,"76-99-3"
2174,T3D2677,"129722-12-9"
2175,T3D2679,"67-20-9"
2176,T3D2680,"287714-41-4"
2177,T3D2690,"58-85-5"
2178,T3D2692,"32222-06-3"
2179,T3D2694,"19356-17-3"
2180,T3D2696,"59-43-8"
2181,T3D2697,"50-14-6"
2182,T3D2698,"59-30-3"
2183,T3D2699,"68-26-8"
2184,T3D2700,"59-02-9"
2185,T3D2701,"65-23-6"
2186,T3D2702,"62-46-4"
2187,T3D2703,"67-97-0"
2188,T3D2704,"58-27-5"
2189,T3D2705,"54739-18-3"
2190,T3D2706,"300-62-9"
2191,T3D2707,"846-49-1"
2192,T3D2708,"113-18-8"
2193,T3D2709,"122-09-8"
2194,T3D2711,"86386-73-4"
2195,T3D2712,"58-08-2"
2196,T3D2713,"50-55-5"
2197,T3D2715,"59729-33-8"
2198,T3D2717,"13838-16-9"
2199,T3D2719,"846-50-4"
2200,T3D2720,"98769-81-4"
2201,T3D2721,"125-40-6"
2202,T3D2722,"64211-46-7"
2203,T3D2724,"86-13-5"
2204,T3D2726,"361-37-5"
2205,T3D2727,"81409-90-7"
2206,T3D2728,"57-41-0"
2207,T3D2729,"23593-75-1"
2208,T3D2731,"91374-21-9"
2209,T3D2733,"97240-79-4"
2210,T3D2735,"137-58-6"
2211,T3D2736,"93413-69-5"
2212,T3D2737,"82248-59-7"
2213,T3D2738,"11056-06-7"
2214,T3D2740,"57-27-2"
2215,T3D2741,"84057-95-4"
2216,T3D2742,"2180-92-9"
2217,T3D2743,"50-07-7"
2218,T3D2745,"76-74-4"
2219,T3D2748,"139264-17-8"
2220,T3D2749,"76-57-3"
2221,T3D2750,"6190-39-2"
2222,T3D2751,"134308-13-7"
2223,T3D2752,"466-99-9"
2224,T3D2753,"53-86-1"
2225,T3D2754,"132539-06-1"
2226,T3D2755,"4969-02-2"
2227,T3D2756,"83881-51-0"
2228,T3D2757,"50679-08-8"
2229,T3D2758,"42399-41-7"
2230,T3D2759,"438-60-8"
2231,T3D2760,"127-48-0"
2232,T3D2763,"166663-25-8"
2233,T3D2764,"5786-21-0"
2234,T3D2767,"61337-67-5"
2235,T3D2770,"144-11-6"
2236,T3D2771,"24584-09-6"
2237,T3D2772,"321-64-2"
2238,T3D2773,"77-37-2"
2239,T3D2777,"28981-97-7"
2240,T3D2779,"1977-10-2"
2241,T3D2783,"104632-26-0"
2242,T3D2784,"76-73-3"
2243,T3D2786,"113-45-1"
2244,T3D2787,"82626-48-0"
2245,T3D2788,"18883-66-4"
2246,T3D2789,"58-38-8"
2247,T3D2790,"129-03-3"
2248,T3D2791,"56420-45-2"
2249,T3D2795,"57-42-1"
2250,T3D2796,"79794-75-5"
2251,T3D2797,"50-49-7"
2252,T3D2798,"50-11-3"
2253,T3D2800,"130-95-0"
2254,T3D2801,"1972-08-3"
2255,T3D2802,"54910-89-3"
2256,T3D2803,"151-83-7"
2257,T3D2804,"58-25-3"
2258,T3D2805,"136434-34-9"
2259,T3D2806,"50-53-3"
2260,T3D2807,"36505-84-7"
2261,T3D2808,"130929-57-6"
2262,T3D2809,"76-42-6"
2263,T3D2810,"51481-61-9"
2264,T3D2813,"146-54-3"
2265,T3D2815,"125-71-3"
2266,T3D2818,"72-69-5"
2267,T3D2819,"14028-44-5"
2268,T3D2820,"155-97-5"
2269,T3D2822,"53910-25-1"
2270,T3D2823,"68-88-2"
2271,T3D2825,"91-33-8"
2272,T3D2826,"298-46-4"
2273,T3D2829,"4205-90-7"
2274,T3D2830,"22232-71-9"
2275,T3D2832,"541-15-1"
2276,T3D2834,"77-67-8"
2277,T3D2835,"76-75-5"
2278,T3D2836,"81098-60-4"
2279,T3D2837,"42408-82-2"
2280,T3D2838,"72559-06-9"
2281,T3D2839,"115-67-3"
2282,T3D2840,"69-23-8"
2283,T3D2841,"59-67-6"
2284,T3D2842,"23887-31-2"
2285,T3D2844,"68844-77-9"
2286,T3D2847,"1400-61-9"
2287,T3D2848,"469-62-5"
2288,T3D2849,"1492-18-8"
2289,T3D2850,"359-83-1"
2290,T3D2851,"7487-88-9"
2291,T3D2852,"19794-93-5"
2292,T3D2853,"77337-76-9"
2293,T3D2855,"76932-56-4"
2294,T3D2856,"103628-46-2"
2295,T3D2857,"357-70-0"
2296,T3D2858,"50-52-2"
2297,T3D2859,"59467-70-8"
2298,T3D2860,"17617-23-1"
2299,T3D2861,"20830-81-3"
2300,T3D2862,"51322-75-9"
2301,T3D2863,"161814-49-9"
2302,T3D2864,"16590-41-3"
2303,T3D2865,"56030-54-7"
2304,T3D2866,"5104-49-4"
2305,T3D2867,"41372-20-7"
2306,T3D2868,"61869-08-7"
2307,T3D2869,"59-46-1"
2308,T3D2870,"739-71-9"
2309,T3D2871,"106266-06-2"
2310,T3D2873,"161796-78-7"
2311,T3D2874,"569-65-3"
2312,T3D2875,"1744-22-5"
2313,T3D2876,"68693-11-8"
2314,T3D2877,"51-34-3"
2315,T3D2881,"155-09-9"
2316,T3D2882,"26675-46-7"
2317,T3D2883,"86-35-1"
2318,T3D2884,"302-79-4"
2319,T3D2886,"113806-05-6"
2320,T3D2887,"28721-07-5"
2321,T3D2888,"362-29-8"
2322,T3D2889,"51-71-8"
2323,T3D2892,"599-79-1"
2324,T3D2893,"23092-17-3"
2325,T3D2894,"71195-58-9"
2326,T3D2896,"499-67-2"
2327,T3D2897,"514-65-8"
2328,T3D2898,"437-38-7"
2329,T3D2899,"71125-38-7"
2330,T3D2900,"2078-54-8"
2331,T3D2903,"439-14-5"
2332,T3D2904,"134-49-6"
2333,T3D2905,"117-89-5"
2334,T3D2907,"84371-65-3"
2335,T3D2908,"62666-20-0"
2336,T3D2909,"604-75-1"
2337,T3D2910,"120014-06-4"
2338,T3D2911,"20594-83-6"
2339,T3D2913,"58-39-9"
2340,T3D2914,"77-07-6"
2341,T3D2917,"58-19-5"
2342,T3D2918,"22494-42-4"
2343,T3D2919,"156-08-1"
2344,T3D2920,"2709-56-0"
2345,T3D2921,"53123-88-9"
2346,T3D2924,"1982-37-2"
2347,T3D2925,"99614-02-5"
2348,T3D2926,"115103-54-3"
2349,T3D2927,"50-36-2"
2350,T3D2928,"68291-97-4"
2351,T3D2929,"144-14-9"
2352,T3D2931,"181183-52-8"
2353,T3D2932,"52485-79-7"
2354,T3D2933,"5588-33-0"
2355,T3D2934,"10262-69-8"
2356,T3D2935,"90-84-6"
2357,T3D2936,"50-78-2"
2358,T3D2937,"25451-15-4"
2359,T3D2938,"83799-24-0"
2360,T3D2939,"121679-13-8"
2361,T3D2940,"145202-66-0"
2362,T3D2941,"125-29-1"
2363,T3D2942,"96-88-8"
2364,T3D2951,"1404-04-2"
2365,T3D2952,"60142-96-3"
2366,T3D2953,"23214-92-8"
2367,T3D2954,"158747-02-5"
2368,T3D2955,"27262-47-1"
2369,T3D2956,"65899-73-2"
2370,T3D2957,"80573-04-2"
2371,T3D2958,"674-38-4"
2372,T3D2959,"84-80-0"
2373,T3D2960,"24280-93-1"
2374,T3D2961,"65277-42-1"
2375,T3D2962,"76-38-0"
2376,T3D2963,"126-52-3"
2377,T3D2964,"17397-89-6"
2378,T3D2965,"14611-51-9"
2379,T3D2966,"2622-30-2"
2380,T3D2967,"19982-08-2"
2381,T3D2968,"112811-59-3"
2382,T3D2969,"13292-46-1"
2383,T3D2970,"15687-27-1"
2384,T3D2972,"73-31-4"
2385,T3D2973,"1622-61-3"
2386,T3D2974,"67-96-9"
2387,T3D2975,"6621-47-2"
2388,T3D2976,"58-73-1"
2389,T3D2977,"60643-86-9"
2390,T3D2978,"915-30-0"
2391,T3D2979,"54-71-7"
2392,T3D2980,"94-09-7"
2393,T3D2982,"67-68-5"
2394,T3D2983,"2022-85-7"
2395,T3D2984,"2062-78-4"
2396,T3D2985,"79617-96-2"
2397,T3D2986,"106650-56-0"
2398,T3D2987,"125-64-4"
2399,T3D2988,"22916-47-8"
2400,T3D2989,"132-22-9"
2401,T3D2990,"63-98-9"
2402,T3D2991,"7648-98-8"
2403,T3D2992,"27220-47-9"
2404,T3D2993,"1668-19-5"
2405,T3D2995,"83366-66-9"
2406,T3D2996,"50-47-5"
2407,T3D2997,"99592-32-2"
2408,T3D2999,"34841-39-9"
2409,T3D3000,"52128-35-5"
2410,T3D3001,"151-67-7"
2411,T3D3003,"133-16-4"
2412,T3D3004,"71320-77-9"
2413,T3D3005,"83-98-7"
2414,T3D3006,"50-06-6"
2415,T3D3007,"128196-01-0"
2416,T3D3009,"80-77-3"
2417,T3D3010,"76-43-7"
2418,T3D3011,"66104-22-1"
2419,T3D3012,"29342-05-0"
2420,T3D3013,"57041-67-5"
2421,T3D3014,"3239-44-9"
2422,T3D3015,"76-41-5"
2423,T3D3016,"43200-80-2"
2424,T3D3017,"25614-03-3"
2425,T3D3018,"61379-65-5"
2426,T3D3019,"102767-28-2"
2427,T3D3020,"65271-80-9"
2428,T3D3021,"110140-89-1"
2429,T3D3023,"29975-16-4"
2430,T3D3025,"6740-88-1"
2431,T3D3027,"1477-40-3"
2432,T3D3028,"59-92-7"
2433,T3D3029,"28523-86-6"
2434,T3D3030,"118-23-0"
2435,T3D3031,"113-59-7"
2436,T3D3032,"303-49-1"
2437,T3D3033,"59-63-2"
2438,T3D3035,"171228-49-2"
2439,T3D3036,"93390-81-9"
2440,T3D3038,"77-28-1"
2441,T3D3039,"56-29-1"
2442,T3D3040,"299-42-3"
2443,T3D3041,"60-99-1"
2444,T3D3046,"1209-98-9"
2445,T3D3047,"1622-62-4"
2446,T3D3048,"1812-30-2"
2447,T3D3049,"33671-46-4"
2448,T3D3051,"51-64-9"
2449,T3D3052,"537-46-2"
2450,T3D3054,"2955-38-6"
2451,T3D3055,"36735-22-5"
2452,T3D3056,"75696-02-5"
2453,T3D3057,"146-22-5"
2454,T3D3060,"82-88-2"
2455,T3D3062,"112965-21-6"
2456,T3D3063,"152-43-2"
2457,T3D3064,"791-35-5"
2458,T3D3066,"125602-71-3"
2459,T3D3067,"103222-11-3"
2460,T3D3068,"22199-08-2"
2461,T3D3069,"77-41-8"
2462,T3D3070,"53597-23-2"
2463,T3D3071,
2464,T3D3072,"53597-24-3"
2465,T3D3073,"1393-62-0"
2466,T3D3074,"5230-87-5"
2467,T3D3075,"357-57-3"
2468,T3D3076,"505-75-9"
2469,T3D3077,"561-07-9"
2470,T3D3078,"302-27-2"
2471,T3D3079,"498-59-9"
2472,T3D3081,"90141-22-3"
2473,T3D3082,"15920-93-1"
2474,T3D3083,"20311-78-8"
2475,T3D3084,"57444-62-9"
2476,T3D3085,"404-86-4"
2477,T3D3086,"57-24-9"
2478,T3D3087,"72741-87-8"
2479,T3D3088,
2480,T3D3089,"2571-22-4"
2481,T3D3090,"4720-09-6"
2482,T3D3091,"4678-44-8"
2483,T3D3092,"4678-45-9"
2484,T3D3094,"465-16-7"
2485,T3D3095,"101-31-5"
2486,T3D3096,"13269-35-7"
2487,T3D3097,"6989-98-6"
2488,T3D3098,"23214-96-2"
2489,T3D3099,"6888-23-9"
2490,T3D3101,"56073-10-0"
2491,T3D3102,"28772-56-7"
2492,T3D3103,"117-52-2"
2493,T3D3104,"56073-07-5"
2494,T3D3105,"435-97-2"
2495,T3D3106,"152-72-7"
2496,T3D3107,"83-12-5"
2497,T3D3108,"13078-04-1"
2498,T3D3114,"607-91-0"
2499,T3D3121,
2500,T3D3123,
2501,T3D3124,
2502,T3D3125,
2503,T3D3126,
2504,T3D3127,
2505,T3D3128,
2506,T3D3129,"75757-64-1"
2507,T3D3201,"123-07-9"
2508,T3D3204,"123-35-3"
2509,T3D3209,"123-77-3"
2510,T3D3214,"140-11-4"
2511,T3D3216,"140-88-5"
2512,T3D3224,"2216-51-5"
2513,T3D3230,"2785-87-7"
2514,T3D3231,"2835-39-4"
2515,T3D3233,"1183-04-6"
2516,T3D3241,"431-03-8"
2517,T3D3268,"64-19-7"
2518,T3D3426,"106-97-8"
2519,T3D3427,"75-28-5"
2520,T3D3428,"109-66-0"
2521,T3D3429,"78-78-4"
2522,T3D3430,"463-82-1"
2523,T3D3431,"142-82-5"
2524,T3D3432,"591-76-4"
2525,T3D3433,"589-34-4"
2526,T3D3434,"590-35-2"
2527,T3D3435,"565-59-3"
2528,T3D3436,"108-08-7"
2529,T3D3437,"562-49-2"
2530,T3D3438,"617-78-7"
2531,T3D3439,"464-06-2"
2532,T3D3440,"111-65-9"
2533,T3D3441,"592-27-8"
2534,T3D3442,"589-81-1"
2535,T3D3443,"589-53-7"
2536,T3D3444,"619-99-8"
2537,T3D3445,"590-73-8"
2538,T3D3446,"584-94-1"
2539,T3D3447,"589-43-5"
2540,T3D3448,"592-13-2"
2541,T3D3449,"563-16-6"
2542,T3D3450,"583-48-2"
2543,T3D3451,"609-26-7"
2544,T3D3452,"1067-08-9"
2545,T3D3453,"564-02-3"
2546,T3D3454,"540-84-1"
2547,T3D3455,"560-21-4"
2548,T3D3456,"565-75-3"
2549,T3D3457,"594-82-1"
2550,T3D3458,"109-67-1"
2551,T3D3459,"109-68-2"
2552,T3D3460,"513-35-9"
2553,T3D3461,"563-45-1"
2554,T3D3462,"563-46-2"
2555,T3D3463,"922-62-3"
2556,T3D3464,"107-39-1"
2557,T3D3465,"287-92-3"
2558,T3D3466,"96-37-7"
2559,T3D3467,"110-82-7"
2560,T3D3468,"98-82-8"
2561,T3D3469,"9003-20-7"
2562,T3D3470,"108-05-4"
2563,T3D3471,"75-07-0"
2564,T3D3474,"28289-54-5"
2565,T3D3476,"54965-21-8"
2566,T3D3477,"315-30-0"
2567,T3D3480,"29122-68-7"
2568,T3D3483,"7414-83-7"
2569,T3D3487,"59803-98-4"
2570,T3D3491,"78-44-4"
2571,T3D3492,"97519-39-6"
2572,T3D3495,"85721-33-1"
2573,T3D3497,"18323-44-9"
2574,T3D3498,"59865-13-3"
2575,T3D3499,"133099-04-4"
2576,T3D3501,"114977-28-5"
2577,T3D3503,"55-38-9"
2578,T3D3504,"144-49-0"
2579,T3D3507,"154361-50-9"
2580,T3D3512,"118-42-3"
2581,T3D3513,"3778-73-2"
2582,T3D3514,"170277-31-3"
2583,T3D3516,"84625-61-6"
2584,T3D3517,"36894-69-6"
2585,T3D3520,"108-78-1"
2586,T3D3521,"108-62-3"
2587,T3D3522,"657-24-9"
2588,T3D3523,"1338-23-4"
2589,T3D3524,"73590-58-6"
2590,T3D3526,"100-33-4"
2591,T3D3529,"1405-20-5"
2592,T3D3532,"83729-01-5"
2593,T3D3533,"284461-73-0"
2594,T3D3536,"191114-48-4"
2595,T3D3537,"70024-40-7"
2596,T3D3539,"50-35-1"
2597,T3D3542,"124832-26-4"
2598,T3D3543,"1404-90-6"
2599,T3D3544,"52-53-9"
2600,T3D3548,"13446-48-5"
2601,T3D3549,"7782-77-6"
2602,T3D3550,"7758-09-0"
2603,T3D3551,"7632-00-0"
2604,T3D3552,"6484-52-2"
2605,T3D3553,"7789-18-6"
2606,T3D3554,"10124-37-5"
2607,T3D3556,"16774-21-3"
2608,T3D3557,"14545-72-3"
2609,T3D3558,"9004-70-0"
2610,T3D3559,"10544-72-6"
2611,T3D3560,"10168-81-7"
2612,T3D3561,"506-93-4"
2613,T3D3562,"13465-08-2"
2614,T3D3563,"10421-48-4"
2615,T3D3566,"7790-69-4"
2616,T3D3567,"10377-60-3"
2617,T3D3570,"22113-87-7"
2618,T3D3571,"7697-37-2"
2619,T3D3572,"7757-79-1"
2620,T3D3573,"13126-12-0"
2621,T3D3574,"7631-99-4"
2622,T3D3575,"10042-76-9"
2623,T3D3577,"555-30-6"
2624,T3D3579,"88-75-5"
2625,T3D3580,"62-74-8"
2626,T3D3582,"50-37-3"
2627,T3D3583,"93384-43-1"
2628,T3D3584,
2629,T3D3585,"21150-22-1"
2630,T3D3586,"21150-23-2"
2631,T3D3587,"21705-02-2"
2632,T3D3588,"21803-57-6"
2633,T3D3589,"54532-45-5"
2634,T3D3590,"58311-65-2"
2635,T3D3591,"21150-21-0"
2636,T3D3592,"54532-46-6"
2637,T3D3596,"7553-56-2"
2638,T3D3597,"518-75-2"
2639,T3D3598,"1162-65-8"
2640,T3D3599,"95-55-6"
2641,T3D3600,"123-30-8"
2642,T3D3601,"591-27-5"
2643,T3D3602,"101043-37-2"
2644,T3D3603,"116355-83-0"
2645,T3D3604,"67-99-2"
2646,T3D3605,"303-47-9"
2647,T3D3606,"4825-86-9"
2648,T3D3607,"4865-85-4"
2649,T3D3608,"101064-48-6"
2650,T3D3609,"111755-37-4"
2651,T3D3610,"96180-79-9"
2652,T3D3611,"154037-70-4"
2653,T3D3613,"154037-67-9"
2654,T3D3614,"157622-02-1"
2655,T3D3615,"123304-10-9"
2656,T3D3616,"118399-22-7"
2657,T3D3619,"32612-48-9"
2658,T3D3620,"2235-54-3"
2659,T3D3621,"783292-49-9"
2660,T3D3622,"97-78-9"
2661,T3D3623,"61791-59-1"
2662,T3D3624,"137-16-6"
2663,T3D3625,"39236-46-9"
2664,T3D3626,"78491-02-8"
2665,T3D3627,"6440-58-0"
2666,T3D3628,"4080-31-3"
2667,T3D3629,"151-21-3"
2668,T3D3630,"9004-82-4"
2669,T3D3633,"51812-80-7"
2670,T3D3636,"58069-11-7"
2671,T3D3637,"80702-43-8"
2672,T3D3638,"84-66-2"
2673,T3D3639,"84-64-0"
2674,T3D3640,"89-19-0"
2675,T3D3641,"117-84-0"
2676,T3D3642,"131-17-9"
2677,T3D3643,"84-61-7"
2678,T3D3644,"84-69-5"
2679,T3D3645,"26761-40-0"
2680,T3D3646,"41451-28-9"
2681,T3D3647,"146-50-9"
2682,T3D3648,"28553-12-0"
2683,T3D3649,"27554-26-3"
2684,T3D3650,"68515-47-9"
2685,T3D3651,"85507-79-5"
2686,T3D3652,"131-11-3"
2687,T3D3653,"84-75-3"
2688,T3D3654,"131-18-0"
2689,T3D3655,"131-16-8"
2690,T3D3656,"119-06-2"
2691,T3D3657,"3648-20-2"
2692,T3D3658,"119-07-3"
2693,T3D3659,"25038-59-9"
2694,T3D3660,"79-14-1"
2695,T3D3661,"149-29-1"
2696,T3D3662,"58735-64-1"
2697,T3D3663,"10048-13-2"
2698,T3D3664,"21259-20-1"
2699,T3D3665,"17924-92-4"
2700,T3D3666,"6795-23-9"
2701,T3D3667,"14930-96-2"
2702,T3D3668,"51481-10-8"
2703,T3D3669,"7220-81-7"
2704,T3D3670,"1165-39-5"
2705,T3D3671,"7241-98-7"
2706,T3D3672,"6885-57-0"
2707,T3D3673,"26934-87-2"
2708,T3D3674,"23282-20-4"
2709,T3D3675,"26538-44-3"
2710,T3D3676,"14110-64-6"
2711,T3D3677,"22144-76-9"
2712,T3D3678,"22144-77-0"
2713,T3D3679,"36011-19-5"
2714,T3D3680,"53760-19-3"
2715,T3D3681,"56144-22-0"
2716,T3D3682,"39156-67-7"
2717,T3D3683,"14110-71-5"
2718,T3D3684,"478-94-4"
2719,T3D3685,"60-79-7"
2720,T3D3686,"113-42-8"
2721,T3D3687,"3343-15-5"
2722,T3D3688,"511-08-0"
2723,T3D3689,"564-36-3"
2724,T3D3690,"511-09-1"
2725,T3D3691,"2873-38-3"
2726,T3D3692,"548-42-5"
2727,T3D3693,"1685-91-2"
2728,T3D3694,"548-43-6"
2729,T3D3695,"602-85-7"
2730,T3D3696,"436-41-9"
2731,T3D3697,"116355-84-1"
2732,T3D3698,"70402-13-0"
2733,T3D3699,"2623-22-5"
2734,T3D3700,"50722-38-8"
2735,T3D3701,"88337-96-6"
2736,T3D3702,"21284-11-7"
2737,T3D3703,"38818-66-5"
2738,T3D3704,"14287-82-2"
2739,T3D3705,"2270-40-8"
2740,T3D3706,"2198-94-9"
2741,T3D3707,"23255-69-8"
2742,T3D3708,"36519-25-2"
2743,T3D3709,"14729-29-4"
2744,T3D3710,"14682-29-2"
2745,T3D3711,"16891-85-3"
2746,T3D3712,"53126-64-0"
2747,T3D3713,"37133-74-7"
2748,T3D3714,"34114-99-3"
2749,T3D3715,"4297-61-4"
2750,T3D3716,"4682-50-2"
2751,T3D3717,"2198-93-8"
2752,T3D3718,"6379-69-7"
2753,T3D3719,"2199-06-6"
2754,T3D3720,"3148-09-2"
2755,T3D3721,"2290-11-1"
2756,T3D3722,"4643-58-7"
2757,T3D3723,"2198-92-7"
2758,T3D3724,"504-88-1"
2759,T3D3725,"29611-03-8"
2760,T3D3726,"70553-75-2"
2761,T3D3727,"641-38-3"
2762,T3D3728,"23452-05-3"
2763,T3D3729,"56258-32-3"
2764,T3D3730,"21794-01-4"
2765,T3D3731,"22467-31-8"
2766,T3D3732,"12627-35-9"
2767,T3D3733,"11076-67-8"
2768,T3D3734,"37318-84-6"
2769,T3D3735,"66-76-2"
2770,T3D3736,"18172-33-3"
2771,T3D3737,"25425-12-1"
2772,T3D3738,"90-65-3"
2773,T3D3740,"26048-05-5"
2774,T3D3741,"536-69-6"
2775,T3D3742,"12626-18-5"
2776,T3D3743,"12626-17-4"
2777,T3D3744,"118974-02-0"
2778,T3D3745,"70407-20-4"
2779,T3D3746,"70407-19-1"
2780,T3D3747,"89020-33-7"
2781,T3D3748,"63722-91-8"
2782,T3D3749,"79663-49-3"
2783,T3D3750,"55350-03-3"
2784,T3D3751,"65256-31-7"
2785,T3D3752,"167114-89-8"
2786,T3D3753,"16275-44-8"
2787,T3D3754,"97816-62-1"
2788,T3D3755,"518-82-1"
2789,T3D3756,"2503-13-1"
2790,T3D3757,"4530-21-6"
2791,T3D3758,"917-13-5"
2792,T3D3759,"19914-20-6"
2793,T3D3760,"23110-15-8"
2794,T3D3762,"73561-90-7"
2795,T3D3763,"73561-91-8"
2796,T3D3764,"90986-50-8"
2797,T3D3765,"90986-52-0"
2798,T3D3766,"90986-51-9"
2799,T3D3767,"81771-19-9"
2800,T3D3768,"21884-44-6"
2801,T3D3769,"501-30-4"
2802,T3D3770,"71376-34-6"
2803,T3D3771,"1406-72-0"
2804,T3D3773,"86243-64-3"
2805,T3D3774,"35287-69-5"
2806,T3D3775,"20084-93-9"
2807,T3D3776,"1456-55-9"
2808,T3D3777,"63722-90-7"
2809,T3D3778,"63764-58-9"
2810,T3D3779,"11024-55-8"
2811,T3D3780,"57186-25-1"
2812,T3D3781,"88389-71-3"
2813,T3D3782,"12771-72-1"
2814,T3D3943,"136-45-8"
2815,T3D3787,"1007-28-9"
2816,T3D3788,"30560-19-1"
2817,T3D3789,"135158-54-2"
2818,T3D3790,"50594-66-6"
2819,T3D3791,"834-12-8"
2820,T3D3792,"33089-61-1"
2821,T3D3793,"101-05-3"
2822,T3D3794,"35575-96-3"
2823,T3D3795,"131860-33-8"
2824,T3D3796,"1861-40-1"
2825,T3D3797,"741-58-2"
2826,T3D3798,"149877-41-8"
2827,T3D3799,"10043-35-3"
2828,T3D3800,"188425-85-6"
2829,T3D3801,"314-40-9"
2830,T3D3802,"69327-76-0"
2831,T3D3803,"134605-64-4"
2832,T3D3804,"133-06-2"
2833,T3D3805,"128639-02-1"
2834,T3D3806,"1698-60-8"
2835,T3D3807,"2675-77-6"
2836,T3D3808,"5598-13-0"
2837,T3D3809,"64902-72-3"
2838,T3D3810,"87818-31-3"
2839,T3D3811,"74115-24-5"
2840,T3D3812,"101-10-0"
2841,T3D3813,"57754-85-5"
2842,T3D3814,"120-32-1"
2843,T3D3815,"210880-92-5"
2844,T3D3816,"420-04-2"
2845,T3D3817,"21725-46-2"
2846,T3D3818,"122008-85-9"
2847,T3D3819,"57966-95-7"
2848,T3D3820,"121552-61-2"
2849,T3D3821,"1596-84-5"
2850,T3D3822,"533-74-4"
2851,T3D3823,"99-30-9"
2852,T3D3824,"51338-27-3"
2853,T3D3825,"145701-21-9"
2854,T3D3826,"141-66-2"
2855,T3D3827,"134-62-3"
2856,T3D3828,"119446-68-3"
2857,T3D3829,"43222-48-6"
2858,T3D3830,"87674-68-8"
2859,T3D3831,"155569-91-8"
2860,T3D3832,"55283-68-6"
2861,T3D3833,"16672-87-0"
2862,T3D3834,"153233-91-1"
2863,T3D3835,"2593-15-9"
2864,T3D3836,"161326-34-7"
2865,T3D3837,"22224-92-6"
2866,T3D3838,"126833-17-8"
2867,T3D3839,"122-14-5"
2868,T3D3840,"69806-50-4"
2869,T3D3841,"79241-46-6"
2870,T3D3842,"79622-59-6"
2871,T3D3843,"142459-58-3"
2872,T3D3844,"188489-07-8"
2873,T3D3845,"98967-40-9"
2874,T3D3846,"87546-18-7"
2875,T3D3847,"103361-09-7"
2876,T3D3848,"69377-81-7"
2877,T3D3849,"81406-37-3"
2878,T3D3850,"85509-19-9"
2879,T3D3851,"117337-19-6"
2880,T3D3852,"66332-96-5"
2881,T3D3853,"133-07-3"
2882,T3D3855,"98886-44-3"
2883,T3D3856,"100784-20-1"
2884,T3D3857,"51235-04-2"
2885,T3D3858,"2971-36-0"
2886,T3D3859,"119515-38-7"
2887,T3D3860,"35554-44-0"
2888,T3D3861,"114311-32-9"
2889,T3D3862,"104098-48-8"
2890,T3D3863,"81335-37-7"
2891,T3D3864,"173584-44-6"
2892,T3D3865,"144550-36-7"
2893,T3D3866,"36734-19-7"
2894,T3D3867,"82558-50-7"
2895,T3D3868,"141112-29-0"
2896,T3D3869,"77501-63-4"
2897,T3D3870,"121-75-5"
2898,T3D3871,"123-33-1"
2899,T3D3872,"8018-01-07"
2900,T3D3873,"131-70-4"
2901,T3D3874,"24307-26-4"
2902,T3D3875,"208465-21-8"
2903,T3D3877,"6734-80-1"
2904,T3D3878,"115182-35-9"
2905,T3D3879,"950-37-8"
2906,T3D3880,"161050-58-4"
2907,T3D3881,"9004-74-4"
2908,T3D3882,"21087-64-9"
2909,T3D3883,"74223-64-6"
2910,T3D3884,"7786-34-7"
2911,T3D3885,"113-48-4"
2912,T3D3886,"4376-18-5"
2913,T3D3887,"51596-11-3"
2914,T3D3888,"6923-22-4"
2915,T3D3889,"88671-89-0"
2916,T3D3890,"15299-99-7"
2917,T3D3891,"50-65-7"
2918,T3D3892,"1929-82-4"
2919,T3D3893,"27314-13-2"
2920,T3D3894,"19666-30-9"
2921,T3D3895,"144651-06-9"
2922,T3D3896,"42874-03-3"
2923,T3D3897,"76738-62-0"
2924,T3D3898,"219714-96-2"
2925,T3D3899,"1763-23-1"
2926,T3D3900,"122-99-6"
2927,T3D3901,"2310-17-0"
2928,T3D3902,"86209-51-0"
2929,T3D3903,"67747-09-5"
2930,T3D3904,"127277-53-6"
2931,T3D3905,"1610-18-0"
2932,T3D3906,"7287-19-6"
2933,T3D3907,"2312-35-8"
2934,T3D3908,"139-40-2"
2935,T3D3909,"31218-83-4"
2936,T3D3910,"60207-90-1"
2937,T3D3911,"181274-15-7"
2938,T3D3912,"94125-34-5"
2939,T3D3913,"123312-89-0"
2940,T3D3914,"175013-18-0"
2941,T3D3915,"96489-71-3"
2942,T3D3916,"95737-68-1"
2943,T3D3917,"123343-16-8"
2944,T3D3918,"84087-01-4"
2945,T3D3919,"76578-14-8"
2946,T3D3920,"28434-00-6"
2947,T3D3921,"74051-80-2"
2948,T3D3922,"122-34-9"
2949,T3D3923,"118134-30-8"
2950,T3D3924,"122836-35-5"
2951,T3D3925,"112410-23-8"
2952,T3D3926,"119168-77-3"
2953,T3D3927,"96182-53-5"
2954,T3D3928,"34014-18-1"
2955,T3D3929,"149979-41-9"
2956,T3D3930,"112281-77-3"
2957,T3D3931,"148-79-8"
2958,T3D3932,"153719-23-4"
2959,T3D3933,"117718-60-2"
2960,T3D3934,"23564-05-8"
2961,T3D3935,"87820-88-0"
2962,T3D3936,"82097-50-5"
2963,T3D3937,"101200-48-0"
2964,T3D3938,"52-68-6"
2965,T3D3939,"3380-34-5"
2966,T3D3940,"199119-58-9"
2967,T3D3941,"126535-15-7"
2968,T3D3942,"50471-44-8"
2969,T3D3944,"88-18-6"
2970,T3D3945,"88-69-7"
2971,T3D3946,"140-66-9"
2972,T3D3947,"95-77-2"
2973,T3D3948,"79-95-8"
2974,T3D3949,"92-69-3"
2975,T3D3950,"564-25-0"
2976,T3D3951,"127-33-3"
2977,T3D3952,"992-21-2"
2978,T3D3953,"79-57-2"
2979,T3D3954,"56-75-7"
2980,T3D3955,"60-54-8"
2981,T3D3956,"486-56-6"
2982,T3D3957,"7439-98-7"
2983,T3D3958,"5871-17-0"
2984,T3D3959,"7440-33-7"
2985,T3D3960,"30833-53-5"
2986,T3D3961,"2306-33-4"
2987,T3D3962,"531-95-3"
2988,T3D3964,"486-66-8"
2989,T3D3965,"21255-69-6"
2990,T3D3967,"76543-15-2"
2991,T3D3968,"90-15-3"
2992,T3D3969,"598-02-7"
2993,T3D3970,"135-19-3"
2994,T3D3971,"5315-79-7"
2995,T3D3973,"4376-20-9"
2996,T3D3974,"7440-46-2"
2997,T3D3975,"7440-28-0"
2998,T3D3976,"119-61-9"
2999,T3D3977,"99-76-3"
3000,T3D3978,"120-47-8"
3001,T3D3979,"94-13-3"
3002,T3D3980,"94-26-8"
3003,T3D3981,"90-43-7"
3004,T3D3982,"625-86-5"
3005,T3D3984,"76014-81-8"
3006,T3D3985,"335-67-1"
3007,T3D3990,"6344-67-8"
3008,T3D3991,"1689-64-1"
3009,T3D3992,
3010,T3D3999,"335-76-2"
3011,T3D4001,"375-95-1"
3012,T3D4005,"2058-94-8"
3013,T3D4006,"2528-16-7"
3014,T3D4015,"130-86-9"
3015,T3D4016,"57-22-7"
3016,T3D4017,"865-21-4"
3017,T3D4018,"630-60-4"
3018,T3D4019,"33069-62-4"
3019,T3D4020,"64-86-8"
3020,T3D4021,"71-63-6"
3021,T3D4022,"2447-54-3"
3022,T3D4023,"64296-20-4"
3023,T3D4024,"156-56-9"
3024,T3D4025,"502-37-4"
3025,T3D4026,"595-05-1"
3026,T3D4027,"475-67-2"
3027,T3D4028,"458-88-8"
3028,T3D4029,"78111-17-8"
3029,T3D4030,"81720-10-7"
3030,T3D4032,"12663-46-6"
3031,T3D4038,"60748-39-2"
3032,T3D4039,"60508-89-6"
3033,T3D4040,"14277-97-5"
3034,T3D4042,"20562-02-1"
3035,T3D4050,"20562-03-2"
3036,T3D4051,"173792-58-0"
3037,T3D4052,"36455-72-8"
3038,T3D4053,"71030-11-0"
3039,T3D4056,"52423-28-6"
3040,T3D4059,"130-01-8"
3041,T3D4060,"480-85-3"
3042,T3D4061,"71-62-5"
3043,T3D4063,"644-69-9"
3044,T3D4064,"476-28-8"
3045,T3D4065,"2752-64-9"
3046,T3D4066,"15662-33-6"
3047,T3D4067,"508-75-8"
3048,T3D4068,"7168-64-1"
3049,T3D4069,"17673-25-5"
3050,T3D4071,"509-15-9"
3051,T3D4073,"485-49-4"
3052,T3D4074,"2571-86-0"
3053,T3D4078,"303-34-4"
3054,T3D4080,"484-29-7"
3055,T3D4081,"519-02-8"
3056,T3D4082,"4449-51-8"
3057,T3D4083,"469-59-0"
3058,T3D4084,"60-70-8"
3059,T3D4086,"34316-15-9"
3060,T3D4087,"476-32-4"
3061,T3D4088,"70497-14-2"
3062,T3D4092,"517-66-8"
3063,T3D4103,"2565-01-7"
3064,T3D4113,"313-67-7"
3065,T3D4124,"64285-06-9"
3066,T3D4128,"79580-28-2"
3067,T3D4138,"103170-78-1"
3068,T3D4148,"124-40-3"
3069,T3D4149,"352-97-6"
3070,T3D4150,"68-94-0"
3071,T3D4151,"74-89-5"
3072,T3D4152,"87-51-4"
3073,T3D4153,"103-82-2"
3074,T3D4154,"51-41-2"
3075,T3D4156,"52-90-4"
3076,T3D4157,"1336-79-4"
3077,T3D4158,"487-94-5"
3078,T3D4159,"495-69-2"
3079,T3D4160,"492-27-3"
3080,T3D4161,"454-29-5"
3081,T3D4162,"2009-64-5"
3082,T3D4163,"75-50-3"
3083,T3D4164,"1184-78-7"
3084,T3D4165,"118-92-3"
3085,T3D4166,"71-44-3"
3086,T3D4167,"124-20-9"
3087,T3D4168,"98-92-0"
3088,T3D4169,"110-60-1"
3089,T3D4170,"471-29-4"
3090,T3D4171,"30315-93-6"
3091,T3D4172,"113-00-8"
3092,T3D4173,"157-07-3"
3093,T3D4174,"6133-30-8"
3094,T3D4175,"88847-89-6"
3095,T3D4176,"30344-00-4"
3096,T3D4177,"124505-87-9"
3097,T3D4178,"701-44-0"
3098,T3D4179,"769-49-3"
3099,T3D4180,"75899-68-2"
3100,T3D4181,"66-25-1"
3101,T3D4182,"542-78-9"
3102,T3D4183,"112-31-2"
3103,T3D4184,"3233-58-7"
3104,T3D4185,"75-04-7"
3105,T3D4186,"2363-89-5"
3106,T3D4187,"2463-53-8"
3107,T3D4188,"111-71-7"
3108,T3D4189,"505-57-7"
3109,T3D4190,"2463-63-0"
3110,T3D4191,"30390-50-2"
3111,T3D4192,"124-19-6"
3112,T3D4193,"73529-64-3"
3113,T3D4194,"109710-36-3"
3114,T3D4195,"17449-15-9"
3115,T3D4196,"3715-10-4"
3116,T3D4197,"86879-39-2"
3117,T3D4198,"5746-04-3"
3118,T3D4199,"63-84-3"
3119,T3D4200,"35804-66-1"
3120,T3D4201,"331-39-5"
3121,T3D4202,"463-77-4"
3122,T3D4203,"110-00-9"
3123,T3D4204,"51-75-2"
3124,T3D4207,"75-21-8"
3125,T3D4209,"60-35-5"
3126,T3D4212,"94-59-7"
3127,T3D4213,"91-59-8"
3128,T3D4214,"71247-25-1"
3129,T3D4215,"16543-55-8"
3130,T3D4216,"98-95-3"
3131,T3D4217,"95-53-4"
3132,T3D4218,"87-62-7"
3133,T3D4224,"556-52-5"
3134,T3D4232,"143545-90-8"
3135,T3D4234,
3136,T3D4235,"52659-57-1"
3137,T3D4237,"110-17-8"
3138,T3D4240,"63-05-8"
3139,T3D4242,"651-48-9"
3140,T3D4245,"64-85-7"
3141,T3D4247,"13095-48-2"
3142,T3D4250,"56-12-2"
3143,T3D4251,"2889-31-8"
3144,T3D4253,"79-33-4"
3145,T3D4257,"3184-35-8"
3146,T3D4258,"18294-85-4"
3147,T3D4259,"542-32-5"
3148,T3D4262,"503-49-1"
3149,T3D4263,"625-08-1"
3150,T3D4265,"5746-90-7"
3151,T3D4269,"591-81-1"
3152,T3D4270,"98-79-3"
3153,T3D4273,"106-60-5"
3154,T3D4274,"487-90-1"
3155,T3D4275,"58-61-7"
3156,T3D4276,"56-65-5"
3157,T3D4278,"1927-31-7"
3158,T3D4279,"73-24-5"
3159,T3D4281,"3031-95-6"
3160,T3D4282,"68-96-2"
3161,T3D4283,"58-22-0"
3162,T3D4284,"561-65-9"
3163,T3D4286,"506-46-7"
3164,T3D4287,"451-13-8"
3165,T3D4289,"74-79-3"
3166,T3D4290,"57-00-1"
3167,T3D4292,"65-86-1"
3168,T3D4294,"2387-71-5"
3169,T3D4295,"372-75-8"
3170,T3D4296,"56-86-0"
3171,T3D4298,"4350-09-8"
3172,T3D4300,"51-61-6"
3173,T3D4304,"503-66-2"
3174,T3D4307,"10326-41-7"
3175,T3D4310,"997-55-7"
3176,T3D4314,"57-88-5"
3177,T3D4318,"56-40-6"
3178,T3D4319,"56-85-9"
3179,T3D4320,"56-41-7"
3180,T3D4322,"18273-06-8"
3181,T3D4323,"14643-66-4"
3182,T3D4324,"607-14-7"
3183,T3D4325,"127-17-3"
3184,T3D4328,"63-68-3"
3185,T3D4330,"473-81-4"
3186,T3D4332,"696-04-8"
3187,T3D4333,"504-07-4"
3188,T3D4343,"81-25-4"
3189,T3D4344,"7440-09-7"
3190,T3D4345,"53188-23-1"
3191,T3D4346,"107-95-9"
3192,T3D4349,"608-66-2"
3193,T3D4350,"635-65-4"
3194,T3D4352,"70-18-8"
3195,T3D4356,"50-99-7"
3196,T3D4357,"638-18-6"
3197,T3D4358,"1724-02-3"
3198,T3D4359,"110-94-1"
3199,T3D4360,"56-81-5"
3200,T3D4362,"70-47-3"
3201,T3D4363,"71-00-1"
3202,T3D4364,"73-32-5"
3203,T3D4365,"61-90-5"
3204,T3D4366,"63-91-2"
3205,T3D4367,"56-45-1"
3206,T3D4368,"72-19-5"
3207,T3D4369,"73-22-3"
3208,T3D4370,"72-18-4"
3209,T3D4371,"60-18-4"
3210,T3D4372,"63224-90-8"
3211,T3D4398,"997-68-2"
3212,T3D4404,"516-05-2"
3213,T3D4405,"7440-70-2"
3214,T3D4409,"69-89-6"
3215,T3D4411,"147-85-3"
3216,T3D4413,"51-35-4"
3217,T3D4424,"1460-34-0"
3218,T3D4425,"759-05-7"
3219,T3D4426,"816-66-0"
3220,T3D4430,"1173-82-6"
3221,T3D4434,"1637-71-4"
3222,T3D4435,"51-67-2"
3223,T3D4438,"2624-63-7"
3224,T3D4439,"7412-77-3"
3225,T3D4440,"553-12-8"
3226,T3D4442,"298-12-4"
3227,T3D4444,"79-09-4"
3228,T3D4447,"317-66-8"
3229,T3D4453,"110-15-6"
3230,T3D4454,"14721-66-5"
3231,T3D4455,"979-92-0"
3232,T3D4456,"29908-03-0"
3233,T3D4458,"107-97-1"
3234,T3D4461,"601-75-2"
3235,T3D4466,"14265-45-3"
3236,T3D4467,"1398-61-4"
3237,T3D4471,"51568-18-4"
3238,T3D4476,"135410-20-7"
3239,T3D4477,"1912-24-9"
3240,T3D4478,"83055-99-6"
3241,T3D4479,"25057-89-0"
3242,T3D4480,"33629-47-9"
3243,T3D4481,"2008-41-5"
3244,T3D4482,"2425-06-1"
3245,T3D4483,"5234-68-4"
3246,T3D4484,"54593-83-8"
3247,T3D4485,"5598-15-2"
3248,T3D4486,"105512-06-9"
3249,T3D4487,"81777-89-1"
3250,T3D4488,"1702-17-6"
3251,T3D4489,"56-72-4"
3252,T3D4490,"120116-88-3"
3253,T3D4491,"113136-77-9"
3254,T3D4492,"94361-06-5"
3255,T3D4493,"66215-27-8"
3256,T3D4494,"962-58-3"
3257,T3D4495,"110488-70-5"
3258,T3D4496,"83657-24-3"
3259,T3D4497,"122-39-4"
3260,T3D4498,"85-00-7"
3261,T3D4499,"97886-45-8"
3262,T3D4500,"330-54-1"
3263,T3D4501,"97780-06-8"
3264,T3D4502,"26225-79-6"
3265,T3D4503,"96-45-7"
3266,T3D4504,"131807-57-3"
3267,T3D4505,"60168-88-9"
3268,T3D4506,"114369-43-6"
3269,T3D4507,"66441-23-4"
3270,T3D4509,"131341-86-1"
3271,T3D4510,"62924-70-3"
3272,T3D4511,"2164-17-2"
3273,T3D4512,"361377-29-9"
3274,T3D4513,"68157-60-8"
3275,T3D4514,"79983-71-4"
3276,T3D4515,"78587-05-0"
3277,T3D4516,"81334-34-1"
3278,T3D4517,"42509-80-8"
3279,T3D4518,"330-55-2"
3280,T3D4519,"1634-78-2"
3281,T3D4520,"12427-38-2"
3282,T3D4521,"116714-46-6"
3283,T3D4522,"19044-88-3"
3284,T3D4523,"1918-02-1"
3285,T3D4524,"51-03-6"
3286,T3D4525,"29232-93-7"
3287,T3D4526,"23031-36-9"
3288,T3D4527,"29091-21-2"
3289,T3D4528,"41198-08-7"
3290,T3D4530,"23950-58-5"
3291,T3D4531,"129630-19-9"
3292,T3D4532,"53112-28-0"
3293,T3D4533,"124495-18-7"
3294,T3D4534,"82-68-8"
3295,T3D4535,"122931-48-0"
3296,T3D4536,"148477-71-8"
3297,T3D4538,"21564-17-0"
3298,T3D4539,"5902-51-2"
3299,T3D4540,"111988-49-9"
3300,T3D4541,"51707-55-2"
3301,T3D4542,"137-26-8"
3302,T3D4543,"43121-43-3"
3303,T3D4544,"55219-65-3"
3304,T3D4545,"55335-06-3"
3305,T3D4546,"141517-21-7"
3306,T3D4547,"68694-11-1" and "99387-89-0"
3307,T3D4548,"1582-09-8"
3308,T3D4549,"131983-72-7"
3309,T3D4550,"156052-68-5"
3310,T3D4551,"469-21-6"
3311,T3D4552,"138729-47-2"
3312,T3D4553,"486-16-8"
3313,T3D4554,"86-22-6"
3314,T3D4555,"90-82-4"
3315,T3D4556,"93-14-1"
3316,T3D4557,"100643-71-8"
3317,T3D4558,"58581-89-8"
3318,T3D4560,"60-87-7"
3319,T3D4561,"57-43-2"
3320,T3D4562,"561-27-3"
3321,T3D4563,"40431-64-9"
3322,T3D4564,"22316-47-8"
3323,T3D4565,"59128-97-1"
3324,T3D4566,"36104-80-0"
3325,T3D4567,"2894-67-9"
3326,T3D4568,"29177-84-2"
3327,T3D4569,"24166-13-0"
3328,T3D4570,"3900-31-0"
3329,T3D4571,"27223-35-4"
3330,T3D4572,"22345-47-7"
3331,T3D4573,"57801-81-7"
3332,T3D4575,"120-80-9"
3333,T3D4576,"1990-05-01"
3334,T3D4577,"123-31-9"
3335,T3D4578,"106-51-4"
3336,T3D4580,"108-46-3"
3337,T3D4581,"105650-23-5"
3338,T3D4583,"51-79-6"
3339,T3D4584,"40054-69-1"
3340,T3D4585,"848-75-9"
3341,T3D4586,"52463-83-9"
3342,T3D4587,"10379-14-3"
3343,T3D4588,"1088-11-5"
3344,T3D4589,"78-93-3"
3345,T3D4592,"107-92-6"
3346,T3D4594,"124-07-2"
3347,T3D4595,"142-62-1"
3348,T3D4596,"143-07-7"
3349,T3D4597,"111-14-8"
3350,T3D4599,"544-63-8"
3351,T3D4604,"638-53-9"
3352,T3D4617,"477-47-4"
3353,T3D4618,"99-18-3"
3354,T3D4619,"99-19-4"
3355,T3D4627,"194-59-2"
3356,T3D4630,"2243-47-2"
3357,T3D4631,"51078-49-0"
3358,T3D4636,"524-42-5"
3359,T3D4637,"130-15-4"
3360,T3D4646,"40762-15-0"
3361,T3D4647,"61197-73-7"
3362,T3D4648,"2898-12-6"
3363,T3D4649,"31868-18-5"
3364,T3D4650,"2011-67-8"
3365,T3D4651,"24143-17-7"
3366,T3D4652,"816-40-0"
3367,T3D4653,"1794-86-1"
3368,T3D4654,"3711-49-7"
3369,T3D4655,"76-06-2"
3370,T3D4656,"99-91-2"
3371,T3D4657,"1867-38-5"
3372,T3D4658,"257-07-8"
3373,T3D4659,"532-27-4"
3374,T3D4660,"2698-41-1"
3375,T3D4661,"623-48-3"
3376,T3D4662,"78-95-5"
3377,T3D4666,"7647-14-5"
3378,T3D4668,"50-28-2"
3379,T3D4669,"95-80-7"
3380,T3D4672,"101-77-9"
3381,T3D4673,"106685-40-9"
3382,T3D4674,"51264-14-3"
3383,T3D4675,"63-75-2"
3384,T3D4676,"320-67-2"
3385,T3D4677,"446-86-6"
3386,T3D4681,"154-93-8"
3387,T3D4684,"305-03-3"
3388,T3D4685,"107-30-2"
3389,T3D4686,"15663-27-1"
3390,T3D4688,"50-18-0"
3391,T3D4689,"4342-03-4"
3392,T3D4690,"79-43-6"
3393,T3D4693,"474-86-2"
3394,T3D4695,"33419-42-0"
3395,T3D4696,"126-07-8"
3396,T3D4697,"7439-89-6"
3397,T3D4699,"67-63-0"
3398,T3D4700,"13010-47-4"
3399,T3D4702,"148-82-3"
3400,T3D4703,"443-48-1"
3401,T3D4705,"139-13-9"
3402,T3D4707,"62-44-2"
3403,T3D4708,"77-09-8"
3404,T3D4710,"53-03-2"
3405,T3D4711,"671-16-9"
3406,T3D4712,"51-52-5"
3407,T3D4714,"10540-29-1"
3408,T3D4715,"29767-20-2"
3409,T3D4716,"52-24-4"
3410,T3D4718,"66-75-1"
3411,T3D4719,"7481-89-2"
3412,T3D4720,"30516-87-1"
3413,T3D4725,"10028-15-6"
3414,T3D4726,"105857-23-6"
3415,T3D4727,"9002-01-1"
3416,T3D4729,"15307-86-5"
3417,T3D4730,"71-58-9"
3418,T3D4731,"7447-40-7"
3419,T3D4732,"104987-11-3"
3420,T3D4733,"85441-61-8"
3421,T3D4734,"89365-50-4"
3422,T3D4735,"18559-94-9"
3423,T3D4736,"75607-67-9"
3424,T3D4737,"1951-25-3"
3425,T3D4738,"66778-36-7"
3426,T3D4739,"74431-23-5"
3427,T3D4740,"84-16-2"
3428,T3D4741,"54-62-6"
3429,T3D4742,"1191-50-0"
3430,T3D4743,"57-63-6"
3431,T3D4744,"56-53-1"
3432,T3D4745,"68-22-4"
3433,T3D4746,"53-16-7"
3434,T3D4747,"427-51-0"
3435,T3D4748,"58-18-4"
3436,T3D4749,"797-63-7"
3437,T3D4750,"55-98-1"
3438,T3D4751,"521-18-6"
3439,T3D4752,"59-87-0"
3440,T3D4753,"52-01-7"
3441,T3D4754,"57-85-2"
3442,T3D4755,"57-11-4"
3443,T3D4756,"124-94-7"
3444,T3D4757,"129453-61-8"
3445,T3D4758,"117-39-5"
3446,T3D4759,"6893-02-3"
3447,T3D4760,"10016-20-3"
3448,T3D4761,"104-51-8"
3449,T3D4762,"107-88-0"
3450,T3D4763,"108-93-0"
3451,T3D4764,"114-07-8"
3452,T3D4765,"1156-19-0"
3453,T3D4766,"124-18-5"
3454,T3D4767,"127-07-1"
3455,T3D4768,"13311-84-7"
3456,T3D4769,"141-43-5"
3457,T3D4770,"154-42-7"
3458,T3D4771,"169590-42-5"
3459,T3D4772,"3056-17-5"
3460,T3D4773,"334-48-5"
3461,T3D4774,"4291-63-8"
3462,T3D4775,"49562-28-9"
3463,T3D4776,"51-21-8"
3464,T3D4777,"54-85-3"
3465,T3D4778,"57-55-6"
3466,T3D4779,"58-14-0"
3467,T3D4780,"58-55-9"
3468,T3D4781,"58-93-5"
3469,T3D4782,"629-62-9"
3470,T3D4783,"63612-50-0"
3471,T3D4784,"637-07-0"
3472,T3D4785,"65-85-0"
3473,T3D4786,"69655-05-6"
3474,T3D4787,"75330-75-5"
3475,T3D4788,"79902-63-9"
3476,T3D4789,"97322-87-7"
3477,T3D4790,"50-27-1"
3478,T3D4791,"72-33-3"
3479,T3D4792,"630-56-8"
3480,T3D4793,"989-38-8"
3481,T3D4795,"520-18-3"
3482,T3D4796,"120511-73-1"
3483,T3D4797,"57-10-3"
3484,T3D4798,"96-83-3"
3485,T3D4799,"123-99-9"
3486,T3D4800,"110-16-7"
3487,T3D4801,"112-60-7"
3488,T3D4802,"112-80-1"
3489,T3D4803,"112809-51-5"
3490,T3D4804,"118-79-6"
3491,T3D4805,"122-78-1"
3492,T3D4806,"125-84-8"
3493,T3D4807,"131-57-7"
3494,T3D4808,"2321-07-5"
3495,T3D4809,"25812-30-0"
3496,T3D4810,"3622-84-2"
3497,T3D4811,"4602-84-0"
3498,T3D4812,"463-40-1"
3499,T3D4813,"500-38-9"
3500,T3D4814,"57-09-0"
3501,T3D4815,"66-71-7"
3502,T3D4816,"69-72-7"
3503,T3D4817,"83-88-5"
3504,T3D4818,"90357-06-5"
3505,T3D4819,"95-13-6"
3506,T3D4820,"98319-26-7"
3507,T3D4821,"14426-25-6"
3508,T3D4824,"145742-28-5"
3509,T3D4825,"473289-62-2"
3510,T3D4826,"95-65-8"
3511,T3D4827,"64657-11-0" and "66575-29-9"
3512,T3D4828,"78-40-0"
3513,T3D4829,"3391-86-4"
3514,T3D4830,"496-46-8"
3515,T3D4831,"1034-01-1"
3516,T3D4832,"57-91-0"
3517,T3D4833,"77-93-0"
3518,T3D4834,"100-97-0"
3519,T3D4835,"102-71-6"
3520,T3D4836,"104-40-5"
3521,T3D4837,"105-87-3"
3522,T3D4838,"106-24-1"
3523,T3D4839,"106-27-4"
3524,T3D4840,"107-98-2"
3525,T3D4841,"108-01-0"
3526,T3D4842,"109-43-3"
3527,T3D4843,"110-44-1"
3528,T3D4844,"111-30-8"
3529,T3D4845,"111-42-2"
3530,T3D4846,"111-82-0"
3531,T3D4847,"112-38-9"
3532,T3D4848,"119-36-8"
3533,T3D4849,"121-33-5"
3534,T3D4850,"121-79-9"
3535,T3D4851,"123-92-2"
3536,T3D4852,"1260-17-9"
3537,T3D4853,"127-51-5"
3538,T3D4854,"1338-43-8"
3539,T3D4855,"136-77-6"
3540,T3D4857,"149-30-4"
3541,T3D4858,"1934-21-0"
3542,T3D4859,"1948-33-0"
3543,T3D4860,"25956-17-6"
3544,T3D4861,"2634-33-5"
3545,T3D4862,"2783-94-0"
3546,T3D4863,"36653-82-4"
3547,T3D4864,"3844-45-9"
3548,T3D4865,"4418-26-2"
3549,T3D4866,"5392-40-5"
3550,T3D4867,"576-26-1"
3551,T3D4868,"579-66-8"
3552,T3D4869,"627-93-0"
3553,T3D4870,"76-03-9"
3554,T3D4871,"77-90-7"
3555,T3D4872,"87-69-4"
3556,T3D4873,"88-85-7"
3557,T3D4874,"91-53-2"
3558,T3D4875,"91-64-5"
3559,T3D4876,"93-15-2"
3560,T3D4877,"95-63-6"
3561,T3D4878,"96-76-4"
3562,T3D4879,"97-53-0"
3563,T3D4880,"97-54-1"
3564,T3D4881,"98-54-4"
3565,T3D4882,"99-87-6"
3566,T3D4883,"111-20-6"
3567,T3D4884,"108-83-8"
3568,T3D4885,"126-92-1"
3569,T3D4886,"491-80-5"
3570,T3D4887,"1085-12-7"
3571,T3D4888,"520-36-5"
3572,T3D4889,"140-10-3"
3573,T3D4890,"99-85-4"
3574,T3D4891,"62-56-6"
3575,T3D4892,"90-02-8"
3576,T3D4893,"480-40-0"
3577,T3D4894,"141-79-7"
3578,T3D4895,"13171-00-1"
3579,T3D4896,"7664-38-2"
3580,T3D4897,"103-41-3"
3581,T3D4898,"107-20-0"
3582,T3D4899,"110-12-3"
3583,T3D4900,"111-27-3"
3584,T3D4901,"111-40-0"
3585,T3D4902,"112-63-0"
3586,T3D4903,"115-95-7"
3587,T3D4904,"1166-52-5"
3588,T3D4905,"118-55-8"
3589,T3D4906,"119-53-9"
3590,T3D4907,"1192-52-5"
3591,T3D4908,"122-40-7"
3592,T3D4909,"122-57-6"
3593,T3D4910,"127-47-9"
3594,T3D4911,"128-37-0"
3595,T3D4912,"137-66-6"
3596,T3D4913,"138-22-7"
3597,T3D4914,"16423-68-0"
3598,T3D4915,"17465-86-0"
3599,T3D4916,"2353-45-9"
3600,T3D4917,"25322-69-4"
3601,T3D4918,"2756-56-1"
3602,T3D4919,"3025-30-7"
3603,T3D4920,"311-45-5"
3604,T3D4921,"35367-38-5"
3605,T3D4922,"4130-42-1"
3606,T3D4923,"4548-53-2"
3607,T3D4924,"525-82-6"
3608,T3D4926,"58-86-6"
3609,T3D4927,"586-62-9"
3610,T3D4928,"60-33-3"
3611,T3D4929,"7212-44-4"
3612,T3D4930,"7785-26-4"
3613,T3D4931,"78-69-3"
3614,T3D4932,"8001-54-5"
3615,T3D4933,"87-18-3"
3616,T3D4934,"93-08-3"
3617,T3D4935,"93-89-0"
3618,T3D4936,"97-59-6"
3619,T3D4937,"68047-06-3"
3620,T3D4938,"149-57-5"
3621,T3D4939,"81412-43-3"
3622,T3D4940,"127-41-3"
3623,T3D4941,"620-17-7"
3624,T3D4942,"67306-03-0" and "67564-91-4"
3625,T3D4943,"110-80-5"
3626,T3D4944,"86-57-7"
3627,T3D4946,"872-50-4"
3628,T3D4950,"115-96-8"
3629,T3D4953,
3630,T3D4954,
3631,T3D4955,
3632,T3D4956,"10028-17-8"
3633,T3D4957,"102787-23-5"
3634,T3D4958,"958-09-8"
3635,T3D4959,"14000-31-8"
3636,T3D4960,"13382-27-9"
3637,T3D4961,"83-44-3"
3638,T3D4962,"2238-90-6"
3639,T3D4963,"434-13-9"
3640,T3D4964,"56-82-6"
3641,T3D4965,"2906-39-0"
3642,T3D4966,"3247-75-4"
3643,T3D4967,"110810-88-3"
3644,T3D4968,"7647-01-0"
3645,T3D4970,"7681-52-9"
3646,T3D4971,"24959-67-9"
3647,T3D4972,"7782-50-5"
3648,T3D4973,"10198-40-0"
3649,T3D4976,"911-45-5"
3650,T3D4977,"62-33-9"
3651,T3D4978,"147-94-4"
3652,T3D4979,"7683-59-2"
3653,T3D4980,"134523-00-5"
3654,T3D4981,"111025-46-8"
3655,T3D4982,"50-02-2"
3656,T3D4983,"51-24-1"
3657,T3D4984,"62-53-3"
3658,T3D4985,"104-55-2"
3659,T3D4986,"104-94-9"
3660,T3D4987,"57129-71-2"
3661,T3D4988,"14899-08-2"
3662,T3D4989,"771-03-9"
3663,T3D4990,"6846-50-0"
3664,T3D4991,"484-17-3"
3665,T3D4992,"541-73-1"
3666,T3D4993,"52806-53-8"
3667,T3D4994,"538-58-9"
3668,T3D4995,"71827-03-7"
3669,T3D4996,"70209-81-3"
3670,T3D4997,"14762-75-5"
3671,T3D4998,"15117-53-0"
3672,T3D4999,"65115-74-4"
3673,T3D5000,"7664-93-9"
3674,T3D5001,"692-29-5"
3675,T3D5002,"89762-39-0"
3676,T3D5003,"10275-07-7"
3677,T3D5004,"55604-87-0"
